<?xml version="1.0" encoding="UTF-8"?>
<objects serializationModel="Studio.02.02.00">
	<object class="AudioFile" id="{1ce5e5a9-685f-4082-893f-c0e73686a746}">
		<property name="assetPath">
			<value>Gameplay_Music_Stems/The night Of The living Waste - Stab Fx.wav</value>
		</property>
		<property name="isStreaming">
			<value>true</value>
		</property>
		<property name="frequencyInKHz">
			<value>44.0999985</value>
		</property>
		<property name="channelCount">
			<value>2</value>
		</property>
		<property name="length">
			<value>16.551768707482992</value>
		</property>
		<relationship name="masterAssetFolder">
			<destination>{c9d86d18-f26d-46f9-9f82-e41d573b1c5e}</destination>
		</relationship>
	</object>
</objects>
