<?xml version="1.0" encoding="UTF-8"?>
<objects serializationModel="Studio.02.02.00">
	<object class="AudioFile" id="{84dc9d93-f288-4926-9322-fb9747e0d43b}">
		<property name="assetPath">
			<value>ui_cancel.ogg</value>
		</property>
		<property name="frequencyInKHz">
			<value>48</value>
		</property>
		<property name="channelCount">
			<value>2</value>
		</property>
		<property name="length">
			<value>1.0262291666666667</value>
		</property>
		<relationship name="masterAssetFolder">
			<destination>{c9d86d18-f26d-46f9-9f82-e41d573b1c5e}</destination>
		</relationship>
	</object>
</objects>
