<?xml version="1.0" encoding="UTF-8"?>
<objects serializationModel="Studio.02.02.00">
	<object class="AudioFile" id="{8adf1537-7b08-4ad9-8ec7-c964e01d589e}">
		<property name="assetPath">
			<value>Gameplay_Music_Stems/TNOTLW_-_Soft_only_claps.wav</value>
		</property>
		<property name="isStreaming">
			<value>true</value>
		</property>
		<property name="frequencyInKHz">
			<value>48</value>
		</property>
		<property name="channelCount">
			<value>2</value>
		</property>
		<property name="length">
			<value>16.551708333333334</value>
		</property>
		<relationship name="masterAssetFolder">
			<destination>{c9d86d18-f26d-46f9-9f82-e41d573b1c5e}</destination>
		</relationship>
	</object>
</objects>
