<?xml version="1.0" encoding="UTF-8"?>
<objects serializationModel="Studio.02.02.00">
	<object class="AudioFile" id="{cc18f74a-3674-4f3c-89cb-a68f4f7e8c5a}">
		<property name="assetPath">
			<value>Soft Stems - Pad BUs.wav</value>
		</property>
		<property name="isStreaming">
			<value>true</value>
		</property>
		<property name="frequencyInKHz">
			<value>44.0999985</value>
		</property>
		<property name="channelCount">
			<value>2</value>
		</property>
		<property name="length">
			<value>16.551746031746031</value>
		</property>
		<relationship name="masterAssetFolder">
			<destination>{c9d86d18-f26d-46f9-9f82-e41d573b1c5e}</destination>
		</relationship>
	</object>
</objects>
