<?xml version="1.0" encoding="UTF-8"?>
<objects serializationModel="Studio.02.02.00">
	<object class="ParameterPreset" id="{6dc7bf3a-319c-4713-89a2-87f4cb59393f}">
		<property name="name">
			<value>Gameplay_Music</value>
		</property>
		<relationship name="folder">
			<destination>{3e29a3da-a31e-4961-ba68-741cc3cc2f8c}</destination>
		</relationship>
		<relationship name="parameter">
			<destination>{b864fc60-127d-49d8-b9f6-bae4a8f538a4}</destination>
		</relationship>
	</object>
	<object class="GameParameter" id="{b864fc60-127d-49d8-b9f6-bae4a8f538a4}">
		<property name="parameterType">
			<value>2</value>
		</property>
		<property name="maximum">
			<value>3</value>
		</property>
		<property name="enumerationLabels">
			<value>Soft</value>
			<value>Medium</value>
			<value>Hard</value>
		</property>
		<property name="initialValue">
			<value>0</value>
		</property>
	</object>
</objects>
