<?xml version="1.0" encoding="UTF-8"?>
<objects serializationModel="Studio.02.02.00">
	<object class="Event" id="{0e7a9769-8fca-4791-996d-7a785981d9e5}">
		<property name="name">
			<value>TstMusic4</value>
		</property>
		<property name="outputFormat">
			<value>1</value>
		</property>
		<relationship name="folder">
			<destination>{e931d1fc-5dfe-4831-8e56-cad62ed0b56a}</destination>
		</relationship>
		<relationship name="mixer">
			<destination>{b25b781f-2caa-4b97-99a3-0ac50796b5be}</destination>
		</relationship>
		<relationship name="masterTrack">
			<destination>{d0a6bddd-98cf-4b22-a176-ea33d93648f6}</destination>
		</relationship>
		<relationship name="mixerInput">
			<destination>{f2470783-9500-453a-90d0-5dc089e62cfb}</destination>
		</relationship>
		<relationship name="automatableProperties">
			<destination>{897e3200-ced0-4aac-a480-711e5580550e}</destination>
		</relationship>
		<relationship name="markerTracks">
			<destination>{ab615067-c648-4e84-b466-3a711835de74}</destination>
			<destination>{e5c9d8cc-3482-419e-a3d8-67d6929c952b}</destination>
			<destination>{67b93993-038e-441e-a093-b236b2758737}</destination>
			<destination>{c03a8289-8ca8-438e-a8ae-9370bb30d225}</destination>
		</relationship>
		<relationship name="groupTracks">
			<destination>{56fe1432-01be-4f6d-b9d5-2867ed340414}</destination>
			<destination>{506f15ca-0ecc-41eb-9b9f-66c2ef71523c}</destination>
			<destination>{907ee176-9674-4e7c-aed4-4a1f9e59b09c}</destination>
		</relationship>
		<relationship name="timeline">
			<destination>{6b4667ed-53bf-4ff6-806b-2ece7b5d574b}</destination>
		</relationship>
	</object>
	<object class="EventMixer" id="{b25b781f-2caa-4b97-99a3-0ac50796b5be}">
		<relationship name="masterBus">
			<destination>{abc77abd-ae69-4a1d-869c-6f6c4b729e89}</destination>
		</relationship>
	</object>
	<object class="MasterTrack" id="{d0a6bddd-98cf-4b22-a176-ea33d93648f6}">
		<relationship name="modules">
			<destination>{cee2450e-0e84-4ec0-ab72-5a312662a25b}</destination>
			<destination>{b5e28cd0-3a40-4888-a202-16b6fd644718}</destination>
			<destination>{bf15236f-cfb6-45c1-9cd4-9ea949e82be0}</destination>
			<destination>{a9947af5-48b2-48bc-9e4a-cfe1dc766599}</destination>
		</relationship>
		<relationship name="mixerGroup">
			<destination>{abc77abd-ae69-4a1d-869c-6f6c4b729e89}</destination>
		</relationship>
	</object>
	<object class="MixerInput" id="{f2470783-9500-453a-90d0-5dc089e62cfb}">
		<relationship name="effectChain">
			<destination>{e00ffd62-656d-4e1f-a431-5aee91db74f7}</destination>
		</relationship>
		<relationship name="panner">
			<destination>{834537ed-5bdb-4881-b143-c5514cc3c8dd}</destination>
		</relationship>
		<relationship name="output">
			<destination>{90228eed-8497-4435-8339-c51e01da1390}</destination>
		</relationship>
	</object>
	<object class="EventAutomatableProperties" id="{897e3200-ced0-4aac-a480-711e5580550e}" />
	<object class="MarkerTrack" id="{ab615067-c648-4e84-b466-3a711835de74}" />
	<object class="MarkerTrack" id="{e5c9d8cc-3482-419e-a3d8-67d6929c952b}" />
	<object class="MarkerTrack" id="{67b93993-038e-441e-a093-b236b2758737}" />
	<object class="MarkerTrack" id="{c03a8289-8ca8-438e-a8ae-9370bb30d225}" />
	<object class="GroupTrack" id="{56fe1432-01be-4f6d-b9d5-2867ed340414}">
		<relationship name="modules">
			<destination>{71e8aea3-3b76-4790-8cd5-072bd2d5060e}</destination>
			<destination>{eae473a9-046b-44d3-9894-5a785376b68e}</destination>
			<destination>{bc3fa34e-cdfa-49f0-85c4-21bd753aefa5}</destination>
			<destination>{a6ee5f1b-cc7e-488c-b231-0125ed8751ab}</destination>
			<destination>{c41c0b6e-516a-439d-b3e8-a07970942ebb}</destination>
			<destination>{7aeca1a4-c8c6-4ad5-bd29-843408216c18}</destination>
		</relationship>
		<relationship name="mixerGroup">
			<destination>{7bd0c683-6185-4a96-a9b0-de21433cab27}</destination>
		</relationship>
	</object>
	<object class="GroupTrack" id="{506f15ca-0ecc-41eb-9b9f-66c2ef71523c}">
		<relationship name="modules">
			<destination>{6fc9bfb5-bc61-4fae-a123-27912bc72363}</destination>
			<destination>{c8ffdea2-f3d5-46dd-af27-6b1f54ae7ffb}</destination>
			<destination>{44862547-d951-46a9-b538-27dacc64dcea}</destination>
			<destination>{d64614c0-3575-4575-ad24-3a2365876c55}</destination>
			<destination>{55366063-a481-4aea-9d34-7dbf06df4cda}</destination>
		</relationship>
		<relationship name="mixerGroup">
			<destination>{eca5f8a1-5e4a-4288-950c-54e15c8c9ce1}</destination>
		</relationship>
	</object>
	<object class="GroupTrack" id="{907ee176-9674-4e7c-aed4-4a1f9e59b09c}">
		<relationship name="modules">
			<destination>{a6f13037-06e6-4e68-817b-c6f9476f646a}</destination>
			<destination>{75246f68-c3a6-4f69-9fbb-efdf4291f900}</destination>
			<destination>{0539fce3-eae5-43d8-9e0c-d7466bade727}</destination>
			<destination>{17ed859e-dcdc-4136-939d-9ffa807b4fe8}</destination>
			<destination>{995d7497-06b6-45c8-96ba-1bbb09249137}</destination>
		</relationship>
		<relationship name="mixerGroup">
			<destination>{92dd5c49-94c1-40e6-bd65-22b6aec1c311}</destination>
		</relationship>
	</object>
	<object class="Timeline" id="{6b4667ed-53bf-4ff6-806b-2ece7b5d574b}">
		<relationship name="modules">
			<destination>{71e8aea3-3b76-4790-8cd5-072bd2d5060e}</destination>
			<destination>{a6ee5f1b-cc7e-488c-b231-0125ed8751ab}</destination>
			<destination>{44862547-d951-46a9-b538-27dacc64dcea}</destination>
			<destination>{0539fce3-eae5-43d8-9e0c-d7466bade727}</destination>
		</relationship>
		<relationship name="markers">
			<destination>{5e26b868-0020-4d6c-a26a-830e02b9a1b8}</destination>
			<destination>{70108984-41eb-45fe-9282-50888fca0474}</destination>
			<destination>{a2418850-da10-4f26-96a6-54f43806834e}</destination>
			<destination>{4bffb87b-754f-40b2-b2ac-7308dda5fa14}</destination>
			<destination>{5021451c-c0e0-4ac3-a668-41b5ee098c77}</destination>
			<destination>{5458d367-96b9-47cc-b44b-3fdadc2aed93}</destination>
			<destination>{5c7df0ad-43c2-43d0-a5a4-47acb6d4d3cb}</destination>
			<destination>{44c33403-d077-432f-83e4-e4aedaa3634d}</destination>
		</relationship>
	</object>
	<object class="EventMixerMaster" id="{abc77abd-ae69-4a1d-869c-6f6c4b729e89}">
		<relationship name="effectChain">
			<destination>{b3e82ead-7b0f-4fe9-8b19-73482fc9da5a}</destination>
		</relationship>
		<relationship name="panner">
			<destination>{f5116fed-e51d-409d-a40c-5347d8efba1c}</destination>
		</relationship>
		<relationship name="mixer">
			<destination>{b25b781f-2caa-4b97-99a3-0ac50796b5be}</destination>
		</relationship>
	</object>
	<object class="TransitionSourceSound" id="{cee2450e-0e84-4ec0-ab72-5a312662a25b}">
		<property name="length">
			<value>0</value>
		</property>
	</object>
	<object class="TransitionDestinationSound" id="{b5e28cd0-3a40-4888-a202-16b6fd644718}">
		<property name="start">
			<value>2</value>
		</property>
		<property name="length">
			<value>0</value>
		</property>
	</object>
	<object class="TransitionSourceSound" id="{bf15236f-cfb6-45c1-9cd4-9ea949e82be0}">
		<property name="length">
			<value>0</value>
		</property>
	</object>
	<object class="TransitionDestinationSound" id="{a9947af5-48b2-48bc-9e4a-cfe1dc766599}">
		<property name="start">
			<value>8.2758620689655178</value>
		</property>
		<property name="length">
			<value>0</value>
		</property>
	</object>
	<object class="MixerBusEffectChain" id="{e00ffd62-656d-4e1f-a431-5aee91db74f7}">
		<relationship name="effects">
			<destination>{c5813c69-9fc2-476c-a01e-a25c6e6926d2}</destination>
		</relationship>
	</object>
	<object class="MixerBusPanner" id="{834537ed-5bdb-4881-b143-c5514cc3c8dd}" />
	<object class="SingleSound" id="{71e8aea3-3b76-4790-8cd5-072bd2d5060e}">
		<property name="length">
			<value>16.551708333333334</value>
		</property>
		<relationship name="audioFile">
			<destination>{515ef743-c24c-4d6f-b524-1266f7b43ddd}</destination>
		</relationship>
	</object>
	<object class="TransitionSourceSound" id="{eae473a9-046b-44d3-9894-5a785376b68e}">
		<relationship name="fadeOutCurve">
			<destination>{e31f21dc-4d42-4494-9abf-53c334c1bfc2}</destination>
		</relationship>
	</object>
	<object class="TransitionDestinationSound" id="{bc3fa34e-cdfa-49f0-85c4-21bd753aefa5}">
		<property name="length">
			<value>2</value>
		</property>
		<relationship name="fadeInCurve">
			<destination>{3c9b5217-b596-4ca5-bf08-eab4d34f5f82}</destination>
		</relationship>
	</object>
	<object class="SingleSound" id="{a6ee5f1b-cc7e-488c-b231-0125ed8751ab}">
		<property name="start">
			<value>16.551708333333334</value>
		</property>
		<property name="length">
			<value>16.551708333333334</value>
		</property>
		<relationship name="audioFile">
			<destination>{515ef743-c24c-4d6f-b524-1266f7b43ddd}</destination>
		</relationship>
	</object>
	<object class="TransitionSourceSound" id="{c41c0b6e-516a-439d-b3e8-a07970942ebb}">
		<property name="length">
			<value>0</value>
		</property>
	</object>
	<object class="TransitionDestinationSound" id="{7aeca1a4-c8c6-4ad5-bd29-843408216c18}">
		<property name="start">
			<value>8.2758620689655178</value>
		</property>
		<property name="length">
			<value>0</value>
		</property>
	</object>
	<object class="EventMixerGroup" id="{7bd0c683-6185-4a96-a9b0-de21433cab27}">
		<property name="name">
			<value>Audio 1</value>
		</property>
		<relationship name="effectChain">
			<destination>{917b1478-622a-417d-9604-80a7aef60ae7}</destination>
		</relationship>
		<relationship name="panner">
			<destination>{2072ee7f-1b97-4b4a-a49f-9add9efabe91}</destination>
		</relationship>
		<relationship name="output">
			<destination>{abc77abd-ae69-4a1d-869c-6f6c4b729e89}</destination>
		</relationship>
	</object>
	<object class="TransitionSourceSound" id="{6fc9bfb5-bc61-4fae-a123-27912bc72363}">
		<property name="length">
			<value>0</value>
		</property>
	</object>
	<object class="TransitionDestinationSound" id="{c8ffdea2-f3d5-46dd-af27-6b1f54ae7ffb}">
		<property name="start">
			<value>2</value>
		</property>
		<property name="length">
			<value>0</value>
		</property>
	</object>
	<object class="SingleSound" id="{44862547-d951-46a9-b538-27dacc64dcea}">
		<property name="start">
			<value>33.103416666666675</value>
		</property>
		<property name="length">
			<value>16.551729166666668</value>
		</property>
		<relationship name="audioFile">
			<destination>{495ff290-4d05-4a4c-b708-406ff2bed070}</destination>
		</relationship>
	</object>
	<object class="TransitionSourceSound" id="{d64614c0-3575-4575-ad24-3a2365876c55}">
		<property name="length">
			<value>0</value>
		</property>
	</object>
	<object class="TransitionDestinationSound" id="{55366063-a481-4aea-9d34-7dbf06df4cda}">
		<property name="start">
			<value>8.2758620689655178</value>
		</property>
		<property name="length">
			<value>0</value>
		</property>
	</object>
	<object class="EventMixerGroup" id="{eca5f8a1-5e4a-4288-950c-54e15c8c9ce1}">
		<property name="name">
			<value>Audio 2</value>
		</property>
		<relationship name="effectChain">
			<destination>{55c9de26-eb37-48fe-b76e-9a62c8809cca}</destination>
		</relationship>
		<relationship name="panner">
			<destination>{f40edd79-6165-4d92-b9b6-f5876803c3e3}</destination>
		</relationship>
		<relationship name="output">
			<destination>{abc77abd-ae69-4a1d-869c-6f6c4b729e89}</destination>
		</relationship>
	</object>
	<object class="TransitionSourceSound" id="{a6f13037-06e6-4e68-817b-c6f9476f646a}">
		<property name="length">
			<value>0</value>
		</property>
	</object>
	<object class="TransitionDestinationSound" id="{75246f68-c3a6-4f69-9fbb-efdf4291f900}">
		<property name="start">
			<value>2</value>
		</property>
		<property name="length">
			<value>0</value>
		</property>
	</object>
	<object class="SingleSound" id="{0539fce3-eae5-43d8-9e0c-d7466bade727}">
		<property name="start">
			<value>49.655145833333336</value>
		</property>
		<property name="length">
			<value>16.551729166666668</value>
		</property>
		<relationship name="audioFile">
			<destination>{669a55c5-dfe3-4c68-873b-2b4f628fe80b}</destination>
		</relationship>
	</object>
	<object class="TransitionSourceSound" id="{17ed859e-dcdc-4136-939d-9ffa807b4fe8}">
		<property name="length">
			<value>0</value>
		</property>
	</object>
	<object class="TransitionDestinationSound" id="{995d7497-06b6-45c8-96ba-1bbb09249137}">
		<property name="start">
			<value>8.2758620689655178</value>
		</property>
		<property name="length">
			<value>0</value>
		</property>
	</object>
	<object class="EventMixerGroup" id="{92dd5c49-94c1-40e6-bd65-22b6aec1c311}">
		<property name="name">
			<value>Audio 3</value>
		</property>
		<relationship name="effectChain">
			<destination>{f060bce3-0e49-4811-8f4d-b36e75f00024}</destination>
		</relationship>
		<relationship name="panner">
			<destination>{ec996353-ab30-4c0b-8827-ae534ee94f17}</destination>
		</relationship>
		<relationship name="output">
			<destination>{abc77abd-ae69-4a1d-869c-6f6c4b729e89}</destination>
		</relationship>
	</object>
	<object class="LoopRegion" id="{5e26b868-0020-4d6c-a26a-830e02b9a1b8}">
		<property name="position">
			<value>0</value>
		</property>
		<property name="length">
			<value>12.561576354679804</value>
		</property>
		<relationship name="timeline">
			<destination>{6b4667ed-53bf-4ff6-806b-2ece7b5d574b}</destination>
		</relationship>
		<relationship name="markerTrack">
			<destination>{c03a8289-8ca8-438e-a8ae-9370bb30d225}</destination>
		</relationship>
		<relationship name="transitionTimeline">
			<destination>{5250c882-1e78-4e22-b1bc-36824f121f8c}</destination>
		</relationship>
	</object>
	<object class="TransitionRegion" id="{70108984-41eb-45fe-9282-50888fca0474}">
		<property name="position">
			<value>0</value>
		</property>
		<property name="length">
			<value>12.561576354679804</value>
		</property>
		<property name="triggerConditionMode">
			<value>1</value>
		</property>
		<property name="transitionOffset">
			<value>1</value>
		</property>
		<relationship name="timeline">
			<destination>{6b4667ed-53bf-4ff6-806b-2ece7b5d574b}</destination>
		</relationship>
		<relationship name="markerTrack">
			<destination>{67b93993-038e-441e-a093-b236b2758737}</destination>
		</relationship>
		<relationship name="destination">
			<destination>{a2418850-da10-4f26-96a6-54f43806834e}</destination>
		</relationship>
		<relationship name="triggerConditions">
			<destination>{1df8bd6e-b6ff-4228-a479-9aaba805139a}</destination>
		</relationship>
	</object>
	<object class="LoopRegion" id="{a2418850-da10-4f26-96a6-54f43806834e}">
		<property name="position">
			<value>16.551708333333334</value>
		</property>
		<property name="length">
			<value>16.551708333333337</value>
		</property>
		<property name="name">
			<value>Transition_From_Soft</value>
		</property>
		<property name="looping">
			<value>0</value>
		</property>
		<relationship name="timeline">
			<destination>{6b4667ed-53bf-4ff6-806b-2ece7b5d574b}</destination>
		</relationship>
		<relationship name="markerTrack">
			<destination>{c03a8289-8ca8-438e-a8ae-9370bb30d225}</destination>
		</relationship>
	</object>
	<object class="NamedMarker" id="{4bffb87b-754f-40b2-b2ac-7308dda5fa14}">
		<property name="position">
			<value>0</value>
		</property>
		<property name="name">
			<value>Soft</value>
		</property>
		<relationship name="timeline">
			<destination>{6b4667ed-53bf-4ff6-806b-2ece7b5d574b}</destination>
		</relationship>
		<relationship name="markerTrack">
			<destination>{e5c9d8cc-3482-419e-a3d8-67d6929c952b}</destination>
		</relationship>
	</object>
	<object class="TempoMarker" id="{5021451c-c0e0-4ac3-a668-41b5ee098c77}">
		<property name="position">
			<value>0</value>
		</property>
		<property name="tempo">
			<value>116</value>
		</property>
		<relationship name="timeline">
			<destination>{6b4667ed-53bf-4ff6-806b-2ece7b5d574b}</destination>
		</relationship>
		<relationship name="markerTrack">
			<destination>{ab615067-c648-4e84-b466-3a711835de74}</destination>
		</relationship>
	</object>
	<object class="TransitionRegion" id="{5458d367-96b9-47cc-b44b-3fdadc2aed93}">
		<property name="position">
			<value>33.103416666666675</value>
		</property>
		<property name="length">
			<value>16.551729166666668</value>
		</property>
		<property name="quantizationInterval">
			<value>2</value>
		</property>
		<relationship name="timeline">
			<destination>{6b4667ed-53bf-4ff6-806b-2ece7b5d574b}</destination>
		</relationship>
		<relationship name="markerTrack">
			<destination>{c03a8289-8ca8-438e-a8ae-9370bb30d225}</destination>
		</relationship>
		<relationship name="destination">
			<destination>{5c7df0ad-43c2-43d0-a5a4-47acb6d4d3cb}</destination>
		</relationship>
		<relationship name="triggerConditions">
			<destination>{276551f7-db26-4147-8bfe-1ce017cc48b3}</destination>
		</relationship>
	</object>
	<object class="LoopRegion" id="{5c7df0ad-43c2-43d0-a5a4-47acb6d4d3cb}">
		<property name="position">
			<value>49.655145833333336</value>
		</property>
		<property name="length">
			<value>16.551729166666668</value>
		</property>
		<property name="name">
			<value>Hard</value>
		</property>
		<relationship name="timeline">
			<destination>{6b4667ed-53bf-4ff6-806b-2ece7b5d574b}</destination>
		</relationship>
		<relationship name="markerTrack">
			<destination>{c03a8289-8ca8-438e-a8ae-9370bb30d225}</destination>
		</relationship>
		<relationship name="transitionTimeline">
			<destination>{2eeed4c5-5299-4d65-8605-937eb633619d}</destination>
		</relationship>
	</object>
	<object class="LoopRegion" id="{44c33403-d077-432f-83e4-e4aedaa3634d}">
		<property name="position">
			<value>33.103416666666675</value>
		</property>
		<property name="length">
			<value>16.551729166666668</value>
		</property>
		<relationship name="timeline">
			<destination>{6b4667ed-53bf-4ff6-806b-2ece7b5d574b}</destination>
		</relationship>
		<relationship name="markerTrack">
			<destination>{67b93993-038e-441e-a093-b236b2758737}</destination>
		</relationship>
	</object>
	<object class="MixerBusEffectChain" id="{b3e82ead-7b0f-4fe9-8b19-73482fc9da5a}">
		<relationship name="effects">
			<destination>{e5c02f4d-b1eb-4c29-8fce-ae813d670a6a}</destination>
		</relationship>
	</object>
	<object class="MixerBusPanner" id="{f5116fed-e51d-409d-a40c-5347d8efba1c}" />
	<object class="MixerBusFader" id="{c5813c69-9fc2-476c-a01e-a25c6e6926d2}" />
	<object class="TransitionSourceFadeOutCurve" id="{e31f21dc-4d42-4494-9abf-53c334c1bfc2}">
		<relationship name="startPoint">
			<destination>{a77de5a5-2afd-420a-a0e1-5cb2eefaab53}</destination>
		</relationship>
		<relationship name="endPoint">
			<destination>{69177a77-b615-4f8a-b502-330092ef1b0f}</destination>
		</relationship>
	</object>
	<object class="TransitionDestinationFadeInCurve" id="{3c9b5217-b596-4ca5-bf08-eab4d34f5f82}">
		<relationship name="startPoint">
			<destination>{8e888f3d-4b1f-4c67-b777-c5671ce7a6b7}</destination>
		</relationship>
		<relationship name="endPoint">
			<destination>{0957dbfa-e738-464e-9c14-42ade6049a3e}</destination>
		</relationship>
		<relationship name="relatedModule">
			<destination>{eae473a9-046b-44d3-9894-5a785376b68e}</destination>
		</relationship>
	</object>
	<object class="MixerBusEffectChain" id="{917b1478-622a-417d-9604-80a7aef60ae7}">
		<relationship name="effects">
			<destination>{999ce7ea-2eb4-4667-a2ea-e764b57e0d1e}</destination>
		</relationship>
	</object>
	<object class="MixerBusPanner" id="{2072ee7f-1b97-4b4a-a49f-9add9efabe91}" />
	<object class="MixerBusEffectChain" id="{55c9de26-eb37-48fe-b76e-9a62c8809cca}">
		<relationship name="effects">
			<destination>{d5d6ad79-bcfd-4548-a92c-f3310029b3f4}</destination>
		</relationship>
	</object>
	<object class="MixerBusPanner" id="{f40edd79-6165-4d92-b9b6-f5876803c3e3}" />
	<object class="MixerBusEffectChain" id="{f060bce3-0e49-4811-8f4d-b36e75f00024}">
		<relationship name="effects">
			<destination>{2db6bf8e-5aca-4328-8fee-b496085fa71d}</destination>
		</relationship>
	</object>
	<object class="MixerBusPanner" id="{ec996353-ab30-4c0b-8827-ae534ee94f17}" />
	<object class="TransitionTimeline" id="{5250c882-1e78-4e22-b1bc-36824f121f8c}">
		<property name="length">
			<value>2</value>
		</property>
		<relationship name="modules">
			<destination>{eae473a9-046b-44d3-9894-5a785376b68e}</destination>
			<destination>{bc3fa34e-cdfa-49f0-85c4-21bd753aefa5}</destination>
			<destination>{cee2450e-0e84-4ec0-ab72-5a312662a25b}</destination>
			<destination>{b5e28cd0-3a40-4888-a202-16b6fd644718}</destination>
			<destination>{6fc9bfb5-bc61-4fae-a123-27912bc72363}</destination>
			<destination>{c8ffdea2-f3d5-46dd-af27-6b1f54ae7ffb}</destination>
			<destination>{a6f13037-06e6-4e68-817b-c6f9476f646a}</destination>
			<destination>{75246f68-c3a6-4f69-9fbb-efdf4291f900}</destination>
		</relationship>
	</object>
	<object class="ParameterCondition" id="{1df8bd6e-b6ff-4228-a479-9aaba805139a}">
		<property name="minimum">
			<value>0</value>
		</property>
		<property name="maximum">
			<value>0</value>
		</property>
		<property name="isInverted">
			<value>true</value>
		</property>
		<relationship name="parameter">
			<destination>{b864fc60-127d-49d8-b9f6-bae4a8f538a4}</destination>
		</relationship>
	</object>
	<object class="ParameterCondition" id="{276551f7-db26-4147-8bfe-1ce017cc48b3}">
		<property name="minimum">
			<value>2</value>
		</property>
		<property name="maximum">
			<value>2</value>
		</property>
		<relationship name="parameter">
			<destination>{b864fc60-127d-49d8-b9f6-bae4a8f538a4}</destination>
		</relationship>
	</object>
	<object class="TransitionTimeline" id="{2eeed4c5-5299-4d65-8605-937eb633619d}">
		<property name="length">
			<value>8.2758620689655178</value>
		</property>
		<relationship name="modules">
			<destination>{c41c0b6e-516a-439d-b3e8-a07970942ebb}</destination>
			<destination>{7aeca1a4-c8c6-4ad5-bd29-843408216c18}</destination>
			<destination>{d64614c0-3575-4575-ad24-3a2365876c55}</destination>
			<destination>{55366063-a481-4aea-9d34-7dbf06df4cda}</destination>
			<destination>{17ed859e-dcdc-4136-939d-9ffa807b4fe8}</destination>
			<destination>{995d7497-06b6-45c8-96ba-1bbb09249137}</destination>
			<destination>{bf15236f-cfb6-45c1-9cd4-9ea949e82be0}</destination>
			<destination>{a9947af5-48b2-48bc-9e4a-cfe1dc766599}</destination>
		</relationship>
	</object>
	<object class="MixerBusFader" id="{e5c02f4d-b1eb-4c29-8fce-ae813d670a6a}" />
	<object class="AutomationPoint" id="{a77de5a5-2afd-420a-a0e1-5cb2eefaab53}">
		<property name="position">
			<value>0</value>
		</property>
		<property name="value">
			<value>1</value>
		</property>
		<property name="curveShape">
			<value>0.25471893</value>
		</property>
	</object>
	<object class="AutomationPoint" id="{69177a77-b615-4f8a-b502-330092ef1b0f}">
		<property name="position">
			<value>1</value>
		</property>
		<property name="value">
			<value>0</value>
		</property>
	</object>
	<object class="AutomationPoint" id="{8e888f3d-4b1f-4c67-b777-c5671ce7a6b7}">
		<property name="position">
			<value>0</value>
		</property>
		<property name="value">
			<value>0</value>
		</property>
		<property name="curveShape">
			<value>-0.2547189</value>
		</property>
	</object>
	<object class="AutomationPoint" id="{0957dbfa-e738-464e-9c14-42ade6049a3e}">
		<property name="position">
			<value>2</value>
		</property>
		<property name="value">
			<value>1</value>
		</property>
	</object>
	<object class="MixerBusFader" id="{999ce7ea-2eb4-4667-a2ea-e764b57e0d1e}" />
	<object class="MixerBusFader" id="{d5d6ad79-bcfd-4548-a92c-f3310029b3f4}" />
	<object class="MixerBusFader" id="{2db6bf8e-5aca-4328-8fee-b496085fa71d}" />
</objects>
