<?xml version="1.0" encoding="UTF-8"?>
<objects serializationModel="Studio.02.02.00">
	<object class="Event" id="{0ff6da5b-9b99-4b99-b9fe-3e043dd3fd7e}">
		<property name="name">
			<value>Nested Event</value>
		</property>
		<property name="outputFormat">
			<value>1</value>
		</property>
		<relationship name="folder">
			<destination>{8f722290-c6f9-45c8-ac30-6f8ade474702}</destination>
		</relationship>
		<relationship name="mixer">
			<destination>{1109033e-d063-4c7e-95d7-859d7c1c6b04}</destination>
		</relationship>
		<relationship name="masterTrack">
			<destination>{c55bd864-0520-4e0d-85b4-4dc209ae707a}</destination>
		</relationship>
		<relationship name="mixerInput">
			<destination>{27bdda79-65f6-4ce2-8a3a-50b30ed174f0}</destination>
		</relationship>
		<relationship name="automatableProperties">
			<destination>{8d0e2ea2-a5df-4eb9-b3ed-56f613a37cd0}</destination>
		</relationship>
		<relationship name="markerTracks">
			<destination>{80ec2ddd-4e65-4e18-ad23-6e141be0bb73}</destination>
		</relationship>
		<relationship name="groupTracks">
			<destination>{846360c6-03e1-4c71-b727-c1a31af29867}</destination>
		</relationship>
		<relationship name="timeline">
			<destination>{7bda7782-826a-44dd-bc15-62f6232be580}</destination>
		</relationship>
	</object>
	<object class="EventMixer" id="{1109033e-d063-4c7e-95d7-859d7c1c6b04}">
		<relationship name="masterBus">
			<destination>{e51caf85-9e46-425c-bc3e-305089eb1b05}</destination>
		</relationship>
	</object>
	<object class="MasterTrack" id="{c55bd864-0520-4e0d-85b4-4dc209ae707a}">
		<relationship name="modules">
			<destination>{fe07bc04-3e14-4bd5-9734-7f354588fd8d}</destination>
			<destination>{ccff0ba7-4e3a-44dc-84f4-b2771c8a4680}</destination>
		</relationship>
		<relationship name="mixerGroup">
			<destination>{e51caf85-9e46-425c-bc3e-305089eb1b05}</destination>
		</relationship>
	</object>
	<object class="MixerInput" id="{27bdda79-65f6-4ce2-8a3a-50b30ed174f0}">
		<relationship name="effectChain">
			<destination>{3fb7979d-d6f1-4182-9937-bcf10a9d0cf7}</destination>
		</relationship>
		<relationship name="panner">
			<destination>{f738bf8f-f02a-4ea5-9c93-e055ce378a1c}</destination>
		</relationship>
	</object>
	<object class="EventAutomatableProperties" id="{8d0e2ea2-a5df-4eb9-b3ed-56f613a37cd0}" />
	<object class="MarkerTrack" id="{80ec2ddd-4e65-4e18-ad23-6e141be0bb73}" />
	<object class="GroupTrack" id="{846360c6-03e1-4c71-b727-c1a31af29867}">
		<relationship name="modules">
			<destination>{878b63fc-9c19-498c-ad2e-70e334913234}</destination>
			<destination>{93f636bb-5632-4404-a967-c0fa3abd0fe2}</destination>
			<destination>{65d74eb6-2135-478d-bbc9-0d62d10089fb}</destination>
		</relationship>
		<relationship name="mixerGroup">
			<destination>{e35849a5-861d-4e60-b6bb-4e6ad2ef6326}</destination>
		</relationship>
	</object>
	<object class="Timeline" id="{7bda7782-826a-44dd-bc15-62f6232be580}">
		<relationship name="modules">
			<destination>{878b63fc-9c19-498c-ad2e-70e334913234}</destination>
		</relationship>
		<relationship name="markers">
			<destination>{e98ab380-6ade-4ec9-8c73-e1d33ae680d9}</destination>
		</relationship>
	</object>
	<object class="EventMixerMaster" id="{e51caf85-9e46-425c-bc3e-305089eb1b05}">
		<relationship name="effectChain">
			<destination>{e1da179e-82d3-47f0-9a62-5f51b8a1086e}</destination>
		</relationship>
		<relationship name="panner">
			<destination>{5f7a1e8c-0c29-48a9-a5e1-80c09b989890}</destination>
		</relationship>
		<relationship name="mixer">
			<destination>{1109033e-d063-4c7e-95d7-859d7c1c6b04}</destination>
		</relationship>
	</object>
	<object class="TransitionSourceSound" id="{fe07bc04-3e14-4bd5-9734-7f354588fd8d}">
		<property name="length">
			<value>0</value>
		</property>
	</object>
	<object class="TransitionDestinationSound" id="{ccff0ba7-4e3a-44dc-84f4-b2771c8a4680}">
		<property name="start">
			<value>2</value>
		</property>
		<property name="length">
			<value>0</value>
		</property>
	</object>
	<object class="MixerBusEffectChain" id="{3fb7979d-d6f1-4182-9937-bcf10a9d0cf7}">
		<relationship name="effects">
			<destination>{37baefbc-68e9-433e-8dcf-8dbd4aa380ee}</destination>
		</relationship>
	</object>
	<object class="MixerBusPanner" id="{f738bf8f-f02a-4ea5-9c93-e055ce378a1c}" />
	<object class="SingleSound" id="{878b63fc-9c19-498c-ad2e-70e334913234}">
		<property name="length">
			<value>16.551708333333334</value>
		</property>
		<relationship name="audioFile">
			<destination>{515ef743-c24c-4d6f-b524-1266f7b43ddd}</destination>
		</relationship>
	</object>
	<object class="TransitionSourceSound" id="{93f636bb-5632-4404-a967-c0fa3abd0fe2}">
		<property name="length">
			<value>2</value>
		</property>
		<relationship name="fadeOutCurve">
			<destination>{ccee81b1-b63d-48d0-8ba3-8ad7e5c65b84}</destination>
		</relationship>
	</object>
	<object class="TransitionDestinationSound" id="{65d74eb6-2135-478d-bbc9-0d62d10089fb}">
		<property name="length">
			<value>2</value>
		</property>
		<relationship name="fadeInCurve">
			<destination>{c5af8a04-fb5c-42c6-a51e-de4f7e5b8e99}</destination>
		</relationship>
	</object>
	<object class="EventMixerGroup" id="{e35849a5-861d-4e60-b6bb-4e6ad2ef6326}">
		<property name="name">
			<value>Audio 1</value>
		</property>
		<relationship name="effectChain">
			<destination>{d1cfc21a-a91d-4a82-be83-59a22f86ab5e}</destination>
		</relationship>
		<relationship name="panner">
			<destination>{f825c92c-b2e3-419e-9ef2-29a732a6113d}</destination>
		</relationship>
		<relationship name="output">
			<destination>{e51caf85-9e46-425c-bc3e-305089eb1b05}</destination>
		</relationship>
	</object>
	<object class="LoopRegion" id="{e98ab380-6ade-4ec9-8c73-e1d33ae680d9}">
		<property name="position">
			<value>0</value>
		</property>
		<property name="length">
			<value>13.965517241379311</value>
		</property>
		<relationship name="timeline">
			<destination>{7bda7782-826a-44dd-bc15-62f6232be580}</destination>
		</relationship>
		<relationship name="markerTrack">
			<destination>{80ec2ddd-4e65-4e18-ad23-6e141be0bb73}</destination>
		</relationship>
		<relationship name="transitionTimeline">
			<destination>{fec6f294-e670-4a8b-a740-1886ec57d984}</destination>
		</relationship>
	</object>
	<object class="MixerBusEffectChain" id="{e1da179e-82d3-47f0-9a62-5f51b8a1086e}">
		<relationship name="effects">
			<destination>{5f04a520-3554-412b-acf5-bbe550687083}</destination>
		</relationship>
	</object>
	<object class="MixerBusPanner" id="{5f7a1e8c-0c29-48a9-a5e1-80c09b989890}" />
	<object class="MixerBusFader" id="{37baefbc-68e9-433e-8dcf-8dbd4aa380ee}" />
	<object class="TransitionSourceFadeOutCurve" id="{ccee81b1-b63d-48d0-8ba3-8ad7e5c65b84}">
		<relationship name="startPoint">
			<destination>{b7ed8d7b-d29e-4cb8-abfa-b847809e5f33}</destination>
		</relationship>
		<relationship name="endPoint">
			<destination>{b814d276-6773-4d14-8dc5-7aaff0967d7b}</destination>
		</relationship>
	</object>
	<object class="TransitionDestinationFadeInCurve" id="{c5af8a04-fb5c-42c6-a51e-de4f7e5b8e99}">
		<relationship name="startPoint">
			<destination>{8de31eaf-c6d7-423d-8d95-50af8b2c429b}</destination>
		</relationship>
		<relationship name="endPoint">
			<destination>{79b3fcd1-ae4b-4257-8488-c8239d04b8a8}</destination>
		</relationship>
	</object>
	<object class="MixerBusEffectChain" id="{d1cfc21a-a91d-4a82-be83-59a22f86ab5e}">
		<relationship name="effects">
			<destination>{ca225265-92c4-4027-a3d9-14585fbef292}</destination>
		</relationship>
	</object>
	<object class="MixerBusPanner" id="{f825c92c-b2e3-419e-9ef2-29a732a6113d}" />
	<object class="TransitionTimeline" id="{fec6f294-e670-4a8b-a740-1886ec57d984}">
		<property name="length">
			<value>2</value>
		</property>
		<relationship name="modules">
			<destination>{93f636bb-5632-4404-a967-c0fa3abd0fe2}</destination>
			<destination>{65d74eb6-2135-478d-bbc9-0d62d10089fb}</destination>
			<destination>{fe07bc04-3e14-4bd5-9734-7f354588fd8d}</destination>
			<destination>{ccff0ba7-4e3a-44dc-84f4-b2771c8a4680}</destination>
		</relationship>
	</object>
	<object class="MixerBusFader" id="{5f04a520-3554-412b-acf5-bbe550687083}" />
	<object class="AutomationPoint" id="{b7ed8d7b-d29e-4cb8-abfa-b847809e5f33}">
		<property name="position">
			<value>1</value>
		</property>
		<property name="value">
			<value>1</value>
		</property>
		<property name="curveShape">
			<value>-0.384727955</value>
		</property>
	</object>
	<object class="AutomationPoint" id="{b814d276-6773-4d14-8dc5-7aaff0967d7b}">
		<property name="position">
			<value>2</value>
		</property>
		<property name="value">
			<value>0</value>
		</property>
	</object>
	<object class="AutomationPoint" id="{8de31eaf-c6d7-423d-8d95-50af8b2c429b}">
		<property name="position">
			<value>0</value>
		</property>
		<property name="value">
			<value>0</value>
		</property>
		<property name="curveShape">
			<value>-0.2547189</value>
		</property>
	</object>
	<object class="AutomationPoint" id="{79b3fcd1-ae4b-4257-8488-c8239d04b8a8}">
		<property name="position">
			<value>1</value>
		</property>
		<property name="value">
			<value>1</value>
		</property>
	</object>
	<object class="MixerBusFader" id="{ca225265-92c4-4027-a3d9-14585fbef292}" />
</objects>
