<?xml version="1.0" encoding="UTF-8"?>
<objects serializationModel="Studio.02.02.00">
	<object class="Event" id="{4b3d73fa-1742-4978-a0a2-bb28b0668531}">
		<property name="name">
			<value>Nested Event</value>
		</property>
		<property name="outputFormat">
			<value>1</value>
		</property>
		<relationship name="folder">
			<destination>{0e7a9769-8fca-4791-996d-7a785981d9e5}</destination>
		</relationship>
		<relationship name="mixer">
			<destination>{388ffa8d-cdff-482b-aed8-afc47c7d402d}</destination>
		</relationship>
		<relationship name="masterTrack">
			<destination>{3843d154-edef-4c9c-8912-cf13a559377a}</destination>
		</relationship>
		<relationship name="mixerInput">
			<destination>{9c0a22f3-6538-43a7-976e-b5c36f0cf41f}</destination>
		</relationship>
		<relationship name="automatableProperties">
			<destination>{23d0dfe5-8be7-4913-8bab-11bb07b6193e}</destination>
		</relationship>
		<relationship name="markerTracks">
			<destination>{32a1aba2-849c-4097-ab41-7abeb6a92b2d}</destination>
		</relationship>
		<relationship name="groupTracks">
			<destination>{eec3c280-f6a4-490b-b1bd-9d6101134a84}</destination>
		</relationship>
		<relationship name="timeline">
			<destination>{19a6b48d-080a-442b-b7af-25aad23f1762}</destination>
		</relationship>
	</object>
	<object class="EventMixer" id="{388ffa8d-cdff-482b-aed8-afc47c7d402d}">
		<relationship name="masterBus">
			<destination>{648a8a46-98da-444a-b6b5-4fb5c2176149}</destination>
		</relationship>
	</object>
	<object class="MasterTrack" id="{3843d154-edef-4c9c-8912-cf13a559377a}">
		<relationship name="mixerGroup">
			<destination>{648a8a46-98da-444a-b6b5-4fb5c2176149}</destination>
		</relationship>
	</object>
	<object class="MixerInput" id="{9c0a22f3-6538-43a7-976e-b5c36f0cf41f}">
		<relationship name="effectChain">
			<destination>{2359751e-e203-49e3-9a3a-b72ea6a36fe8}</destination>
		</relationship>
		<relationship name="panner">
			<destination>{7e7774cd-3b95-4a86-9b2e-2ea7fba62500}</destination>
		</relationship>
	</object>
	<object class="EventAutomatableProperties" id="{23d0dfe5-8be7-4913-8bab-11bb07b6193e}" />
	<object class="MarkerTrack" id="{32a1aba2-849c-4097-ab41-7abeb6a92b2d}" />
	<object class="GroupTrack" id="{eec3c280-f6a4-490b-b1bd-9d6101134a84}">
		<relationship name="modules">
			<destination>{af199d46-6734-4a0c-969f-34a706c86bb6}</destination>
		</relationship>
		<relationship name="mixerGroup">
			<destination>{865d5401-cead-4469-8ae4-1e232961192d}</destination>
		</relationship>
	</object>
	<object class="Timeline" id="{19a6b48d-080a-442b-b7af-25aad23f1762}">
		<relationship name="modules">
			<destination>{af199d46-6734-4a0c-969f-34a706c86bb6}</destination>
		</relationship>
	</object>
	<object class="EventMixerMaster" id="{648a8a46-98da-444a-b6b5-4fb5c2176149}">
		<relationship name="effectChain">
			<destination>{a6b01d25-442a-48cd-aad7-b385c41993c2}</destination>
		</relationship>
		<relationship name="panner">
			<destination>{64ec962f-36fe-445a-a2db-4f53bde4b39d}</destination>
		</relationship>
		<relationship name="mixer">
			<destination>{388ffa8d-cdff-482b-aed8-afc47c7d402d}</destination>
		</relationship>
	</object>
	<object class="MixerBusEffectChain" id="{2359751e-e203-49e3-9a3a-b72ea6a36fe8}">
		<relationship name="effects">
			<destination>{19597ebd-48bc-4c96-bc8c-ee567fef36d2}</destination>
		</relationship>
	</object>
	<object class="MixerBusPanner" id="{7e7774cd-3b95-4a86-9b2e-2ea7fba62500}" />
	<object class="SingleSound" id="{af199d46-6734-4a0c-969f-34a706c86bb6}">
		<property name="length">
			<value>16.551729166666668</value>
		</property>
		<relationship name="audioFile">
			<destination>{495ff290-4d05-4a4c-b708-406ff2bed070}</destination>
		</relationship>
	</object>
	<object class="EventMixerGroup" id="{865d5401-cead-4469-8ae4-1e232961192d}">
		<property name="name">
			<value>Audio 1</value>
		</property>
		<relationship name="effectChain">
			<destination>{6fc1491b-3d2b-4789-99be-5b492a6ec411}</destination>
		</relationship>
		<relationship name="panner">
			<destination>{fd7e6379-511b-47de-aca1-0d72a82ecb0e}</destination>
		</relationship>
		<relationship name="output">
			<destination>{648a8a46-98da-444a-b6b5-4fb5c2176149}</destination>
		</relationship>
	</object>
	<object class="MixerBusEffectChain" id="{a6b01d25-442a-48cd-aad7-b385c41993c2}">
		<relationship name="effects">
			<destination>{ab9f21a2-9bd4-4748-8e5c-bdceaa22c23f}</destination>
		</relationship>
	</object>
	<object class="MixerBusPanner" id="{64ec962f-36fe-445a-a2db-4f53bde4b39d}" />
	<object class="MixerBusFader" id="{19597ebd-48bc-4c96-bc8c-ee567fef36d2}" />
	<object class="MixerBusEffectChain" id="{6fc1491b-3d2b-4789-99be-5b492a6ec411}">
		<relationship name="effects">
			<destination>{7bf639b4-ab80-45d6-a63d-07bd70eafb11}</destination>
		</relationship>
	</object>
	<object class="MixerBusPanner" id="{fd7e6379-511b-47de-aca1-0d72a82ecb0e}" />
	<object class="MixerBusFader" id="{ab9f21a2-9bd4-4748-8e5c-bdceaa22c23f}" />
	<object class="MixerBusFader" id="{7bf639b4-ab80-45d6-a63d-07bd70eafb11}" />
</objects>
