<?xml version="1.0" encoding="UTF-8"?>
<objects serializationModel="Studio.02.02.00">
	<object class="Event" id="{645fb9c4-5f66-4a09-9de5-546317396ae0}">
		<property name="name">
			<value>TstMusic2</value>
		</property>
		<property name="outputFormat">
			<value>1</value>
		</property>
		<relationship name="folder">
			<destination>{e931d1fc-5dfe-4831-8e56-cad62ed0b56a}</destination>
		</relationship>
		<relationship name="mixer">
			<destination>{9245d9e0-fc25-49e6-9509-b1e2ebbeea72}</destination>
		</relationship>
		<relationship name="masterTrack">
			<destination>{c021144a-9f57-407e-a6ea-408b0788d75e}</destination>
		</relationship>
		<relationship name="mixerInput">
			<destination>{ce351c4b-89b8-4a33-99ed-034b60fe7b80}</destination>
		</relationship>
		<relationship name="automatableProperties">
			<destination>{8dc11f4c-ef44-4578-8286-81fef2070598}</destination>
		</relationship>
		<relationship name="markerTracks">
			<destination>{a6d85e82-c816-4066-af6b-daecb7f837d4}</destination>
			<destination>{26e97ea3-582e-4732-aa7c-ac4f2bb0973b}</destination>
		</relationship>
		<relationship name="groupTracks">
			<destination>{1b12038a-b386-4090-88ec-0302dc3b9a91}</destination>
			<destination>{c6f1b969-687e-44bd-a61e-eb85fadc354e}</destination>
			<destination>{77fe6f01-69aa-4224-95e9-56d55b74d01e}</destination>
		</relationship>
		<relationship name="timeline">
			<destination>{374a4150-8f7f-445d-9ca1-b97eaf1f29ab}</destination>
		</relationship>
	</object>
	<object class="EventMixer" id="{9245d9e0-fc25-49e6-9509-b1e2ebbeea72}">
		<relationship name="masterBus">
			<destination>{67421c7f-5641-4083-ad37-53d4b295fd3e}</destination>
		</relationship>
	</object>
	<object class="MasterTrack" id="{c021144a-9f57-407e-a6ea-408b0788d75e}">
		<relationship name="mixerGroup">
			<destination>{67421c7f-5641-4083-ad37-53d4b295fd3e}</destination>
		</relationship>
	</object>
	<object class="MixerInput" id="{ce351c4b-89b8-4a33-99ed-034b60fe7b80}">
		<relationship name="effectChain">
			<destination>{3ee12e64-df87-4827-868a-3451ee248d0e}</destination>
		</relationship>
		<relationship name="panner">
			<destination>{dd156ca0-7ad9-4690-99a0-195d9b348f57}</destination>
		</relationship>
		<relationship name="output">
			<destination>{90228eed-8497-4435-8339-c51e01da1390}</destination>
		</relationship>
	</object>
	<object class="EventAutomatableProperties" id="{8dc11f4c-ef44-4578-8286-81fef2070598}" />
	<object class="MarkerTrack" id="{a6d85e82-c816-4066-af6b-daecb7f837d4}" />
	<object class="MarkerTrack" id="{26e97ea3-582e-4732-aa7c-ac4f2bb0973b}" />
	<object class="GroupTrack" id="{1b12038a-b386-4090-88ec-0302dc3b9a91}">
		<relationship name="modules">
			<destination>{3806b105-31e0-461b-9c6e-d4b7493be1e7}</destination>
		</relationship>
		<relationship name="mixerGroup">
			<destination>{56fdea61-fbe8-44f1-8a4c-e4279f586c7d}</destination>
		</relationship>
	</object>
	<object class="GroupTrack" id="{c6f1b969-687e-44bd-a61e-eb85fadc354e}">
		<relationship name="modules">
			<destination>{79db5d4a-3fe3-42cd-9842-140ac1bb83c2}</destination>
		</relationship>
		<relationship name="mixerGroup">
			<destination>{9871ab82-246e-48e7-a0ca-c551ca6beac0}</destination>
		</relationship>
	</object>
	<object class="GroupTrack" id="{77fe6f01-69aa-4224-95e9-56d55b74d01e}">
		<relationship name="modules">
			<destination>{956dcdda-7793-4c18-b8b2-3d6465ee5b50}</destination>
		</relationship>
		<relationship name="mixerGroup">
			<destination>{637aec26-59c8-456f-be28-80e50850e57c}</destination>
		</relationship>
	</object>
	<object class="Timeline" id="{374a4150-8f7f-445d-9ca1-b97eaf1f29ab}">
		<relationship name="modules">
			<destination>{3806b105-31e0-461b-9c6e-d4b7493be1e7}</destination>
			<destination>{79db5d4a-3fe3-42cd-9842-140ac1bb83c2}</destination>
			<destination>{956dcdda-7793-4c18-b8b2-3d6465ee5b50}</destination>
		</relationship>
		<relationship name="markers">
			<destination>{5ff0be33-973e-4250-9d67-b9d25d981360}</destination>
			<destination>{104b8c0d-155a-4030-8cf5-3387274f682f}</destination>
			<destination>{d1471d05-56c3-4429-ba62-71bd64983099}</destination>
			<destination>{ba4b33bc-5f9b-45f2-b5de-0f0c0d9c9ce0}</destination>
			<destination>{08721dda-df0e-4b24-835e-0122ed96fd9a}</destination>
			<destination>{ad880bed-aee2-43d8-a5b4-b6536d78ab13}</destination>
			<destination>{ff33766a-ecc1-43b1-bcfe-8a5c05d7b37e}</destination>
		</relationship>
	</object>
	<object class="EventMixerMaster" id="{67421c7f-5641-4083-ad37-53d4b295fd3e}">
		<relationship name="effectChain">
			<destination>{27d7105a-1676-42bb-88d8-f01d5840e821}</destination>
		</relationship>
		<relationship name="panner">
			<destination>{4c050c23-fb85-45c0-ba87-8a1228212379}</destination>
		</relationship>
		<relationship name="mixer">
			<destination>{9245d9e0-fc25-49e6-9509-b1e2ebbeea72}</destination>
		</relationship>
	</object>
	<object class="MixerBusEffectChain" id="{3ee12e64-df87-4827-868a-3451ee248d0e}">
		<relationship name="effects">
			<destination>{2651e746-5813-48fd-8547-a0a7cc52a9fe}</destination>
		</relationship>
	</object>
	<object class="MixerBusPanner" id="{dd156ca0-7ad9-4690-99a0-195d9b348f57}" />
	<object class="SingleSound" id="{3806b105-31e0-461b-9c6e-d4b7493be1e7}">
		<property name="length">
			<value>16.551708333333334</value>
		</property>
		<relationship name="audioFile">
			<destination>{515ef743-c24c-4d6f-b524-1266f7b43ddd}</destination>
		</relationship>
	</object>
	<object class="EventMixerGroup" id="{56fdea61-fbe8-44f1-8a4c-e4279f586c7d}">
		<property name="name">
			<value>Audio 1</value>
		</property>
		<relationship name="effectChain">
			<destination>{2cbef1cd-bc45-4609-acff-72a21efbef67}</destination>
		</relationship>
		<relationship name="panner">
			<destination>{ef1754fb-93c6-4334-b9ce-9b809eef3892}</destination>
		</relationship>
		<relationship name="output">
			<destination>{67421c7f-5641-4083-ad37-53d4b295fd3e}</destination>
		</relationship>
	</object>
	<object class="SingleSound" id="{79db5d4a-3fe3-42cd-9842-140ac1bb83c2}">
		<property name="start">
			<value>18.5</value>
		</property>
		<property name="length">
			<value>16.551729166666668</value>
		</property>
		<relationship name="audioFile">
			<destination>{495ff290-4d05-4a4c-b708-406ff2bed070}</destination>
		</relationship>
	</object>
	<object class="EventMixerGroup" id="{9871ab82-246e-48e7-a0ca-c551ca6beac0}">
		<property name="name">
			<value>Audio 2</value>
		</property>
		<relationship name="effectChain">
			<destination>{e1d97015-b94e-46e2-8d70-1102900d1206}</destination>
		</relationship>
		<relationship name="panner">
			<destination>{3e5efa41-bf2d-49f5-a949-35a17baf6080}</destination>
		</relationship>
		<relationship name="output">
			<destination>{67421c7f-5641-4083-ad37-53d4b295fd3e}</destination>
		</relationship>
	</object>
	<object class="SingleSound" id="{956dcdda-7793-4c18-b8b2-3d6465ee5b50}">
		<property name="start">
			<value>36.5</value>
		</property>
		<property name="length">
			<value>16.551729166666668</value>
		</property>
		<relationship name="audioFile">
			<destination>{669a55c5-dfe3-4c68-873b-2b4f628fe80b}</destination>
		</relationship>
	</object>
	<object class="EventMixerGroup" id="{637aec26-59c8-456f-be28-80e50850e57c}">
		<property name="name">
			<value>Audio 3</value>
		</property>
		<relationship name="effectChain">
			<destination>{3662fd7a-6b74-47b0-a0f5-088ef0759041}</destination>
		</relationship>
		<relationship name="panner">
			<destination>{8f2281aa-c7d4-4ffa-aaf7-f2c0caff961b}</destination>
		</relationship>
		<relationship name="output">
			<destination>{67421c7f-5641-4083-ad37-53d4b295fd3e}</destination>
		</relationship>
	</object>
	<object class="LoopRegion" id="{5ff0be33-973e-4250-9d67-b9d25d981360}">
		<property name="position">
			<value>18.5</value>
		</property>
		<property name="length">
			<value>16.551729166666664</value>
		</property>
		<property name="name">
			<value>Medium</value>
		</property>
		<relationship name="timeline">
			<destination>{374a4150-8f7f-445d-9ca1-b97eaf1f29ab}</destination>
		</relationship>
		<relationship name="markerTrack">
			<destination>{a6d85e82-c816-4066-af6b-daecb7f837d4}</destination>
		</relationship>
	</object>
	<object class="LoopRegion" id="{104b8c0d-155a-4030-8cf5-3387274f682f}">
		<property name="position">
			<value>36.5</value>
		</property>
		<property name="length">
			<value>16.551729166666668</value>
		</property>
		<property name="name">
			<value>Hard</value>
		</property>
		<relationship name="timeline">
			<destination>{374a4150-8f7f-445d-9ca1-b97eaf1f29ab}</destination>
		</relationship>
		<relationship name="markerTrack">
			<destination>{a6d85e82-c816-4066-af6b-daecb7f837d4}</destination>
		</relationship>
	</object>
	<object class="TransitionMarker" id="{d1471d05-56c3-4429-ba62-71bd64983099}">
		<property name="position">
			<value>16.551708333333334</value>
		</property>
		<relationship name="timeline">
			<destination>{374a4150-8f7f-445d-9ca1-b97eaf1f29ab}</destination>
		</relationship>
		<relationship name="markerTrack">
			<destination>{a6d85e82-c816-4066-af6b-daecb7f837d4}</destination>
		</relationship>
		<relationship name="destination">
			<destination>{104b8c0d-155a-4030-8cf5-3387274f682f}</destination>
		</relationship>
		<relationship name="triggerConditions">
			<destination>{c91540af-47ff-4e4e-8df3-c5305b318d1d}</destination>
		</relationship>
	</object>
	<object class="TransitionMarker" id="{ba4b33bc-5f9b-45f2-b5de-0f0c0d9c9ce0}">
		<property name="position">
			<value>16.551708333333334</value>
		</property>
		<relationship name="timeline">
			<destination>{374a4150-8f7f-445d-9ca1-b97eaf1f29ab}</destination>
		</relationship>
		<relationship name="markerTrack">
			<destination>{26e97ea3-582e-4732-aa7c-ac4f2bb0973b}</destination>
		</relationship>
		<relationship name="destination">
			<destination>{5ff0be33-973e-4250-9d67-b9d25d981360}</destination>
		</relationship>
		<relationship name="triggerConditions">
			<destination>{84e0f68d-12bd-4b52-b0f2-d5cc9cb12372}</destination>
		</relationship>
	</object>
	<object class="TransitionRegion" id="{08721dda-df0e-4b24-835e-0122ed96fd9a}">
		<property name="position">
			<value>18.5</value>
		</property>
		<property name="length">
			<value>16.551729166666661</value>
		</property>
		<relationship name="timeline">
			<destination>{374a4150-8f7f-445d-9ca1-b97eaf1f29ab}</destination>
		</relationship>
		<relationship name="markerTrack">
			<destination>{26e97ea3-582e-4732-aa7c-ac4f2bb0973b}</destination>
		</relationship>
		<relationship name="destination">
			<destination>{104b8c0d-155a-4030-8cf5-3387274f682f}</destination>
		</relationship>
		<relationship name="triggerConditions">
			<destination>{d381f0d1-fc08-4b8b-9cdf-cb587648b6df}</destination>
		</relationship>
	</object>
	<object class="TransitionRegion" id="{ad880bed-aee2-43d8-a5b4-b6536d78ab13}">
		<property name="position">
			<value>36.5</value>
		</property>
		<property name="length">
			<value>16.551729166666668</value>
		</property>
		<relationship name="timeline">
			<destination>{374a4150-8f7f-445d-9ca1-b97eaf1f29ab}</destination>
		</relationship>
		<relationship name="markerTrack">
			<destination>{26e97ea3-582e-4732-aa7c-ac4f2bb0973b}</destination>
		</relationship>
		<relationship name="destination">
			<destination>{5ff0be33-973e-4250-9d67-b9d25d981360}</destination>
		</relationship>
		<relationship name="triggerConditions">
			<destination>{292d78b2-1ff2-41d0-87f5-6a66ab2a43eb}</destination>
		</relationship>
	</object>
	<object class="TempoMarker" id="{ff33766a-ecc1-43b1-bcfe-8a5c05d7b37e}">
		<property name="position">
			<value>0</value>
		</property>
		<relationship name="timeline">
			<destination>{374a4150-8f7f-445d-9ca1-b97eaf1f29ab}</destination>
		</relationship>
		<relationship name="markerTrack">
			<destination>{a6d85e82-c816-4066-af6b-daecb7f837d4}</destination>
		</relationship>
	</object>
	<object class="MixerBusEffectChain" id="{27d7105a-1676-42bb-88d8-f01d5840e821}">
		<relationship name="effects">
			<destination>{82afd1df-b027-428b-8946-e55020a5aceb}</destination>
		</relationship>
	</object>
	<object class="MixerBusPanner" id="{4c050c23-fb85-45c0-ba87-8a1228212379}" />
	<object class="MixerBusFader" id="{2651e746-5813-48fd-8547-a0a7cc52a9fe}" />
	<object class="MixerBusEffectChain" id="{2cbef1cd-bc45-4609-acff-72a21efbef67}">
		<relationship name="effects">
			<destination>{e855746e-93d9-427e-90bb-bccdb7d05c17}</destination>
		</relationship>
	</object>
	<object class="MixerBusPanner" id="{ef1754fb-93c6-4334-b9ce-9b809eef3892}" />
	<object class="MixerBusEffectChain" id="{e1d97015-b94e-46e2-8d70-1102900d1206}">
		<relationship name="effects">
			<destination>{deff6fb4-ff11-42f0-b51b-ac2ede90e9e7}</destination>
		</relationship>
	</object>
	<object class="MixerBusPanner" id="{3e5efa41-bf2d-49f5-a949-35a17baf6080}" />
	<object class="MixerBusEffectChain" id="{3662fd7a-6b74-47b0-a0f5-088ef0759041}">
		<relationship name="effects">
			<destination>{7750ce12-23b8-4b77-a761-27cfdfdf24b1}</destination>
		</relationship>
	</object>
	<object class="MixerBusPanner" id="{8f2281aa-c7d4-4ffa-aaf7-f2c0caff961b}" />
	<object class="ParameterCondition" id="{c91540af-47ff-4e4e-8df3-c5305b318d1d}">
		<property name="minimum">
			<value>2</value>
		</property>
		<property name="maximum">
			<value>2</value>
		</property>
		<relationship name="parameter">
			<destination>{b864fc60-127d-49d8-b9f6-bae4a8f538a4}</destination>
		</relationship>
	</object>
	<object class="ParameterCondition" id="{84e0f68d-12bd-4b52-b0f2-d5cc9cb12372}">
		<property name="minimum">
			<value>1</value>
		</property>
		<property name="maximum">
			<value>1</value>
		</property>
		<relationship name="parameter">
			<destination>{b864fc60-127d-49d8-b9f6-bae4a8f538a4}</destination>
		</relationship>
	</object>
	<object class="ParameterCondition" id="{d381f0d1-fc08-4b8b-9cdf-cb587648b6df}">
		<property name="minimum">
			<value>2</value>
		</property>
		<property name="maximum">
			<value>2</value>
		</property>
		<relationship name="parameter">
			<destination>{b864fc60-127d-49d8-b9f6-bae4a8f538a4}</destination>
		</relationship>
	</object>
	<object class="ParameterCondition" id="{292d78b2-1ff2-41d0-87f5-6a66ab2a43eb}">
		<property name="minimum">
			<value>1</value>
		</property>
		<property name="maximum">
			<value>1</value>
		</property>
		<relationship name="parameter">
			<destination>{b864fc60-127d-49d8-b9f6-bae4a8f538a4}</destination>
		</relationship>
	</object>
	<object class="MixerBusFader" id="{82afd1df-b027-428b-8946-e55020a5aceb}" />
	<object class="MixerBusFader" id="{e855746e-93d9-427e-90bb-bccdb7d05c17}" />
	<object class="MixerBusFader" id="{deff6fb4-ff11-42f0-b51b-ac2ede90e9e7}" />
	<object class="MixerBusFader" id="{7750ce12-23b8-4b77-a761-27cfdfdf24b1}" />
</objects>
