<?xml version="1.0" encoding="UTF-8"?>
<objects serializationModel="Studio.02.02.00">
	<object class="Event" id="{76f8c32f-150c-4ad3-919c-332fc95931ef}">
		<property name="name">
			<value>Hard</value>
		</property>
		<property name="outputFormat">
			<value>1</value>
		</property>
		<relationship name="folder">
			<destination>{89e26e0b-1db6-4bc3-b6d5-6959a1cbc1cb}</destination>
		</relationship>
		<relationship name="mixer">
			<destination>{73203182-ea2a-4f49-a586-bbac4385ae3e}</destination>
		</relationship>
		<relationship name="masterTrack">
			<destination>{6e2c542c-18d0-4da5-9739-78dc9666637f}</destination>
		</relationship>
		<relationship name="mixerInput">
			<destination>{793eee42-cb05-4673-8873-d3f16a6b8b24}</destination>
		</relationship>
		<relationship name="automatableProperties">
			<destination>{1c25aab5-a07d-4235-aaeb-0fbdcf03fb03}</destination>
		</relationship>
		<relationship name="markerTracks">
			<destination>{eba14623-5d27-46c4-a3c4-6558cab3d559}</destination>
		</relationship>
		<relationship name="groupTracks">
			<destination>{372f4f7d-8483-4270-b8c0-a0c9744ecbb6}</destination>
		</relationship>
		<relationship name="timeline">
			<destination>{32a5e3b9-c895-4a5a-b04a-b72d62952caa}</destination>
		</relationship>
	</object>
	<object class="EventMixer" id="{73203182-ea2a-4f49-a586-bbac4385ae3e}">
		<relationship name="masterBus">
			<destination>{ecf08422-074b-4b3e-ba8f-317d766ca714}</destination>
		</relationship>
	</object>
	<object class="MasterTrack" id="{6e2c542c-18d0-4da5-9739-78dc9666637f}">
		<relationship name="mixerGroup">
			<destination>{ecf08422-074b-4b3e-ba8f-317d766ca714}</destination>
		</relationship>
	</object>
	<object class="MixerInput" id="{793eee42-cb05-4673-8873-d3f16a6b8b24}">
		<relationship name="effectChain">
			<destination>{3337e712-aa5a-4425-8cf7-d81a49b3c5ec}</destination>
		</relationship>
		<relationship name="panner">
			<destination>{53fd9813-df2b-4075-a3f0-0fb913c3efb2}</destination>
		</relationship>
	</object>
	<object class="EventAutomatableProperties" id="{1c25aab5-a07d-4235-aaeb-0fbdcf03fb03}" />
	<object class="MarkerTrack" id="{eba14623-5d27-46c4-a3c4-6558cab3d559}" />
	<object class="GroupTrack" id="{372f4f7d-8483-4270-b8c0-a0c9744ecbb6}">
		<relationship name="modules">
			<destination>{48df273b-e07f-4f56-b5ce-261f9c1311e9}</destination>
		</relationship>
		<relationship name="mixerGroup">
			<destination>{e7d7962d-5116-41d0-a3f8-1979f02fc2e2}</destination>
		</relationship>
	</object>
	<object class="Timeline" id="{32a5e3b9-c895-4a5a-b04a-b72d62952caa}">
		<relationship name="modules">
			<destination>{48df273b-e07f-4f56-b5ce-261f9c1311e9}</destination>
		</relationship>
		<relationship name="markers">
			<destination>{189ec9bc-f418-4aa0-9803-790bfc95b09e}</destination>
		</relationship>
	</object>
	<object class="EventMixerMaster" id="{ecf08422-074b-4b3e-ba8f-317d766ca714}">
		<relationship name="effectChain">
			<destination>{07385cb6-7f8a-4b59-8685-6d2addaf2d8c}</destination>
		</relationship>
		<relationship name="panner">
			<destination>{dec9873b-245c-4229-a7ae-aeee9f4382a5}</destination>
		</relationship>
		<relationship name="mixer">
			<destination>{73203182-ea2a-4f49-a586-bbac4385ae3e}</destination>
		</relationship>
	</object>
	<object class="MixerBusEffectChain" id="{3337e712-aa5a-4425-8cf7-d81a49b3c5ec}">
		<relationship name="effects">
			<destination>{4e955a14-36db-494e-bd8e-1c2a5836027e}</destination>
		</relationship>
	</object>
	<object class="MixerBusPanner" id="{53fd9813-df2b-4075-a3f0-0fb913c3efb2}" />
	<object class="SingleSound" id="{48df273b-e07f-4f56-b5ce-261f9c1311e9}">
		<property name="length">
			<value>16.551729166666668</value>
		</property>
		<relationship name="fadeInCurve">
			<destination>{94e0f151-4d60-4ba0-a0e5-a636422a8e24}</destination>
		</relationship>
		<relationship name="audioFile">
			<destination>{669a55c5-dfe3-4c68-873b-2b4f628fe80b}</destination>
		</relationship>
	</object>
	<object class="EventMixerGroup" id="{e7d7962d-5116-41d0-a3f8-1979f02fc2e2}">
		<property name="name">
			<value>Audio 1</value>
		</property>
		<relationship name="effectChain">
			<destination>{0abf5f62-7181-4215-b2c3-eea841b4b52e}</destination>
		</relationship>
		<relationship name="panner">
			<destination>{57101918-3905-48b0-881b-0d86b05be5a3}</destination>
		</relationship>
		<relationship name="output">
			<destination>{ecf08422-074b-4b3e-ba8f-317d766ca714}</destination>
		</relationship>
	</object>
	<object class="LoopRegion" id="{189ec9bc-f418-4aa0-9803-790bfc95b09e}">
		<property name="position">
			<value>2.9087843245179101e-14</value>
		</property>
		<property name="length">
			<value>16.551729166666668</value>
		</property>
		<relationship name="timeline">
			<destination>{32a5e3b9-c895-4a5a-b04a-b72d62952caa}</destination>
		</relationship>
		<relationship name="markerTrack">
			<destination>{eba14623-5d27-46c4-a3c4-6558cab3d559}</destination>
		</relationship>
	</object>
	<object class="MixerBusEffectChain" id="{07385cb6-7f8a-4b59-8685-6d2addaf2d8c}">
		<relationship name="effects">
			<destination>{b11cfc17-5209-4047-a14c-0d4b6ad7abf8}</destination>
		</relationship>
	</object>
	<object class="MixerBusPanner" id="{dec9873b-245c-4229-a7ae-aeee9f4382a5}" />
	<object class="MixerBusFader" id="{4e955a14-36db-494e-bd8e-1c2a5836027e}" />
	<object class="FadeCurve" id="{94e0f151-4d60-4ba0-a0e5-a636422a8e24}">
		<relationship name="startPoint">
			<destination>{8ce1fb43-7b9e-4a32-8695-936bfcef33eb}</destination>
		</relationship>
		<relationship name="endPoint">
			<destination>{af3bd960-623a-46a1-80d7-a3eefbc69a76}</destination>
		</relationship>
	</object>
	<object class="MixerBusEffectChain" id="{0abf5f62-7181-4215-b2c3-eea841b4b52e}">
		<relationship name="effects">
			<destination>{c3df44ce-fa5f-4ad9-9a69-bac9d5213cde}</destination>
		</relationship>
	</object>
	<object class="MixerBusPanner" id="{57101918-3905-48b0-881b-0d86b05be5a3}" />
	<object class="MixerBusFader" id="{b11cfc17-5209-4047-a14c-0d4b6ad7abf8}" />
	<object class="AutomationPoint" id="{8ce1fb43-7b9e-4a32-8695-936bfcef33eb}">
		<property name="position">
			<value>0</value>
		</property>
		<property name="value">
			<value>0</value>
		</property>
		<property name="curveShape">
			<value>-0.2547189</value>
		</property>
	</object>
	<object class="AutomationPoint" id="{af3bd960-623a-46a1-80d7-a3eefbc69a76}">
		<property name="position">
			<value>0.40000000000000002</value>
		</property>
		<property name="value">
			<value>1</value>
		</property>
	</object>
	<object class="MixerBusFader" id="{c3df44ce-fa5f-4ad9-9a69-bac9d5213cde}" />
</objects>
