<?xml version="1.0" encoding="UTF-8"?>
<objects serializationModel="Studio.02.02.00">
	<object class="Event" id="{8f722290-c6f9-45c8-ac30-6f8ade474702}">
		<property name="name">
			<value>Gradual Music</value>
		</property>
		<property name="outputFormat">
			<value>1</value>
		</property>
		<relationship name="folder">
			<destination>{e931d1fc-5dfe-4831-8e56-cad62ed0b56a}</destination>
		</relationship>
		<relationship name="mixer">
			<destination>{798022ef-ecd6-4e2b-9c93-f63f96d6a08a}</destination>
		</relationship>
		<relationship name="masterTrack">
			<destination>{8c5c0dea-ed30-41c7-bcb0-7acdd0acc982}</destination>
		</relationship>
		<relationship name="mixerInput">
			<destination>{61ee0a9b-fc86-4b76-bbea-08fffa8fe0fa}</destination>
		</relationship>
		<relationship name="automatableProperties">
			<destination>{679e2146-f2f2-46fd-8861-917fad47c021}</destination>
		</relationship>
		<relationship name="markerTracks">
			<destination>{2831546a-5772-46c6-9011-70f4d31d4a7f}</destination>
		</relationship>
		<relationship name="groupTracks">
			<destination>{71e549d2-b2fa-4f02-abdb-180298e84d9d}</destination>
			<destination>{5f61a7fb-c2ec-4cbf-9d16-df9f09062d6d}</destination>
		</relationship>
		<relationship name="timeline">
			<destination>{7642faa4-cac4-4664-8e3e-e9ce08688159}</destination>
		</relationship>
		<relationship name="parameters">
			<destination>{53e9b1ab-259f-4112-985d-0692dd6c4fe5}</destination>
		</relationship>
	</object>
	<object class="EventMixer" id="{798022ef-ecd6-4e2b-9c93-f63f96d6a08a}">
		<relationship name="masterBus">
			<destination>{832b69e8-7ade-46d5-a7a8-1575fc564bf0}</destination>
		</relationship>
	</object>
	<object class="MasterTrack" id="{8c5c0dea-ed30-41c7-bcb0-7acdd0acc982}">
		<relationship name="mixerGroup">
			<destination>{832b69e8-7ade-46d5-a7a8-1575fc564bf0}</destination>
		</relationship>
	</object>
	<object class="MixerInput" id="{61ee0a9b-fc86-4b76-bbea-08fffa8fe0fa}">
		<relationship name="effectChain">
			<destination>{4409283f-9a52-4cec-8a0a-7e7c2d7e08bf}</destination>
		</relationship>
		<relationship name="panner">
			<destination>{187e4fd2-1626-4a10-a330-533967a8079b}</destination>
		</relationship>
		<relationship name="output">
			<destination>{90228eed-8497-4435-8339-c51e01da1390}</destination>
		</relationship>
	</object>
	<object class="EventAutomatableProperties" id="{679e2146-f2f2-46fd-8861-917fad47c021}" />
	<object class="MarkerTrack" id="{2831546a-5772-46c6-9011-70f4d31d4a7f}" />
	<object class="GroupTrack" id="{71e549d2-b2fa-4f02-abdb-180298e84d9d}">
		<relationship name="modules">
			<destination>{2f3c0c91-1bb0-442e-bdb2-4122410bafc7}</destination>
			<destination>{4727c37b-4318-40fc-be18-a1d9e28b8d2b}</destination>
			<destination>{2276587a-2092-4ef3-b94a-1678a285aed3}</destination>
			<destination>{5848e0a4-e0d9-420c-a746-4f8e44395348}</destination>
			<destination>{c54f5151-d744-4d8e-b0fe-1b1a8e2089b5}</destination>
			<destination>{bf9920ad-c6fa-454d-acc1-ce4956964665}</destination>
			<destination>{b133f8eb-77b8-41ef-a3a1-c4fc89405cb8}</destination>
			<destination>{5a336d19-24ad-4861-85f6-81ab688393f1}</destination>
		</relationship>
		<relationship name="mixerGroup">
			<destination>{94db587b-5c3e-4424-999e-1539208600a0}</destination>
		</relationship>
	</object>
	<object class="GroupTrack" id="{5f61a7fb-c2ec-4cbf-9d16-df9f09062d6d}">
		<relationship name="modules">
			<destination>{7c53e93d-86ac-4c1c-b30f-ec840680bd54}</destination>
			<destination>{22b56b96-0d03-4dc1-8d4c-19663405ed73}</destination>
			<destination>{4e1ce9cf-a505-44bf-98b0-9bbeb8b3943d}</destination>
			<destination>{04ac0c53-4baa-4878-98e2-d6ddafd74681}</destination>
			<destination>{10039190-9dd5-484d-ab69-2da6c4cec775}</destination>
			<destination>{d4d95d9e-9c15-42ca-b628-d0185f57db1c}</destination>
		</relationship>
		<relationship name="mixerGroup">
			<destination>{86484ebb-89c0-4eb1-b8da-f51a1ab1a425}</destination>
		</relationship>
	</object>
	<object class="Timeline" id="{7642faa4-cac4-4664-8e3e-e9ce08688159}">
		<property name="isProxyEnabled">
			<value>false</value>
		</property>
	</object>
	<object class="ParameterProxy" id="{53e9b1ab-259f-4112-985d-0692dd6c4fe5}">
		<relationship name="modules">
			<destination>{7c53e93d-86ac-4c1c-b30f-ec840680bd54}</destination>
			<destination>{22b56b96-0d03-4dc1-8d4c-19663405ed73}</destination>
			<destination>{4e1ce9cf-a505-44bf-98b0-9bbeb8b3943d}</destination>
			<destination>{04ac0c53-4baa-4878-98e2-d6ddafd74681}</destination>
			<destination>{10039190-9dd5-484d-ab69-2da6c4cec775}</destination>
			<destination>{d4d95d9e-9c15-42ca-b628-d0185f57db1c}</destination>
			<destination>{2f3c0c91-1bb0-442e-bdb2-4122410bafc7}</destination>
			<destination>{4727c37b-4318-40fc-be18-a1d9e28b8d2b}</destination>
			<destination>{2276587a-2092-4ef3-b94a-1678a285aed3}</destination>
			<destination>{5848e0a4-e0d9-420c-a746-4f8e44395348}</destination>
			<destination>{c54f5151-d744-4d8e-b0fe-1b1a8e2089b5}</destination>
			<destination>{bf9920ad-c6fa-454d-acc1-ce4956964665}</destination>
			<destination>{b133f8eb-77b8-41ef-a3a1-c4fc89405cb8}</destination>
			<destination>{5a336d19-24ad-4861-85f6-81ab688393f1}</destination>
		</relationship>
		<relationship name="preset">
			<destination>{eb2f1710-31ae-4b19-a110-293d0d31974c}</destination>
		</relationship>
	</object>
	<object class="EventMixerMaster" id="{832b69e8-7ade-46d5-a7a8-1575fc564bf0}">
		<relationship name="effectChain">
			<destination>{b86ee147-07e5-4eb1-9fa0-6ee341a9e2ae}</destination>
		</relationship>
		<relationship name="panner">
			<destination>{cf1e23e5-098a-45be-96e8-81285e4deb23}</destination>
		</relationship>
		<relationship name="mixer">
			<destination>{798022ef-ecd6-4e2b-9c93-f63f96d6a08a}</destination>
		</relationship>
	</object>
	<object class="MixerBusEffectChain" id="{4409283f-9a52-4cec-8a0a-7e7c2d7e08bf}">
		<relationship name="effects">
			<destination>{0f6673ed-6fd6-4666-ab46-ca10dc5cfca4}</destination>
		</relationship>
	</object>
	<object class="MixerBusPanner" id="{187e4fd2-1626-4a10-a330-533967a8079b}" />
	<object class="SingleSound" id="{2f3c0c91-1bb0-442e-bdb2-4122410bafc7}">
		<property name="length">
			<value>0.5</value>
		</property>
		<property name="looping">
			<value>true</value>
		</property>
		<relationship name="audioFile">
			<destination>{c7f14a35-5d5e-464f-879d-b5463198d9af}</destination>
		</relationship>
	</object>
	<object class="SingleSound" id="{4727c37b-4318-40fc-be18-a1d9e28b8d2b}">
		<property name="length">
			<value>0.5</value>
		</property>
		<property name="looping">
			<value>true</value>
		</property>
		<relationship name="audioFile">
			<destination>{91688fbf-9cc5-4b34-b555-c05361ba4b6b}</destination>
		</relationship>
	</object>
	<object class="SingleSound" id="{2276587a-2092-4ef3-b94a-1678a285aed3}">
		<property name="length">
			<value>0.5</value>
		</property>
		<property name="looping">
			<value>true</value>
		</property>
		<relationship name="audioFile">
			<destination>{cc18f74a-3674-4f3c-89cb-a68f4f7e8c5a}</destination>
		</relationship>
	</object>
	<object class="SingleSound" id="{5848e0a4-e0d9-420c-a746-4f8e44395348}">
		<property name="length">
			<value>0.5</value>
		</property>
		<property name="looping">
			<value>true</value>
		</property>
		<relationship name="audioFile">
			<destination>{2c8c6efa-0245-4f26-a1b9-9d9757f26894}</destination>
		</relationship>
	</object>
	<object class="SingleSound" id="{c54f5151-d744-4d8e-b0fe-1b1a8e2089b5}">
		<property name="length">
			<value>0.5</value>
		</property>
		<property name="looping">
			<value>true</value>
		</property>
		<relationship name="audioFile">
			<destination>{7081e6ec-451f-4e8a-ab19-2cd4b5ac125f}</destination>
		</relationship>
	</object>
	<object class="SingleSound" id="{bf9920ad-c6fa-454d-acc1-ce4956964665}">
		<property name="length">
			<value>0.5</value>
		</property>
		<property name="looping">
			<value>true</value>
		</property>
		<relationship name="audioFile">
			<destination>{9c8aa561-4eba-43d8-b754-8f24aae16677}</destination>
		</relationship>
	</object>
	<object class="SingleSound" id="{b133f8eb-77b8-41ef-a3a1-c4fc89405cb8}">
		<property name="start">
			<value>1.5</value>
		</property>
		<property name="length">
			<value>0.5</value>
		</property>
		<property name="looping">
			<value>true</value>
		</property>
		<relationship name="audioFile">
			<destination>{ba0f0b17-f5c2-47cb-bbdc-22d11abbb95d}</destination>
		</relationship>
	</object>
	<object class="SingleSound" id="{5a336d19-24ad-4861-85f6-81ab688393f1}">
		<property name="start">
			<value>1.5</value>
		</property>
		<property name="length">
			<value>0.5</value>
		</property>
		<relationship name="audioFile">
			<destination>{331817c1-8bb8-4fc2-a2dc-544e846929b0}</destination>
		</relationship>
	</object>
	<object class="EventMixerGroup" id="{94db587b-5c3e-4424-999e-1539208600a0}">
		<property name="name">
			<value>Audio 1</value>
		</property>
		<relationship name="effectChain">
			<destination>{b8ff987d-ecdb-4130-842b-398fc668cbb8}</destination>
		</relationship>
		<relationship name="panner">
			<destination>{c748876b-4322-4332-b1ab-6b4e1ecee761}</destination>
		</relationship>
		<relationship name="output">
			<destination>{832b69e8-7ade-46d5-a7a8-1575fc564bf0}</destination>
		</relationship>
	</object>
	<object class="SingleSound" id="{7c53e93d-86ac-4c1c-b30f-ec840680bd54}">
		<property name="start">
			<value>3.8000000000000003</value>
		</property>
		<property name="length">
			<value>2</value>
		</property>
		<relationship name="audioFile">
			<destination>{0719fd4e-6165-4506-9896-aebe94c51230}</destination>
		</relationship>
	</object>
	<object class="SingleSound" id="{22b56b96-0d03-4dc1-8d4c-19663405ed73}">
		<property name="start">
			<value>3.8000000000000003</value>
		</property>
		<property name="length">
			<value>2</value>
		</property>
		<relationship name="audioFile">
			<destination>{aa1e130c-89d4-4a19-972e-fb898902eb01}</destination>
		</relationship>
	</object>
	<object class="SingleSound" id="{4e1ce9cf-a505-44bf-98b0-9bbeb8b3943d}">
		<property name="start">
			<value>3.8000000000000003</value>
		</property>
		<property name="length">
			<value>2</value>
		</property>
		<relationship name="audioFile">
			<destination>{08a01639-3171-4811-83d7-8f66f2ea2ab1}</destination>
		</relationship>
	</object>
	<object class="SingleSound" id="{04ac0c53-4baa-4878-98e2-d6ddafd74681}">
		<property name="start">
			<value>3.8000000000000003</value>
		</property>
		<property name="length">
			<value>2</value>
		</property>
		<relationship name="audioFile">
			<destination>{b46fb7ae-a087-4d72-8e80-93736ada95d7}</destination>
		</relationship>
	</object>
	<object class="SingleSound" id="{10039190-9dd5-484d-ab69-2da6c4cec775}">
		<property name="start">
			<value>3.8000000000000003</value>
		</property>
		<property name="length">
			<value>2</value>
		</property>
		<relationship name="audioFile">
			<destination>{e28afdc7-11ff-4605-a718-f8863d679331}</destination>
		</relationship>
	</object>
	<object class="SingleSound" id="{d4d95d9e-9c15-42ca-b628-d0185f57db1c}">
		<property name="start">
			<value>3.8000000000000003</value>
		</property>
		<property name="length">
			<value>2</value>
		</property>
		<relationship name="audioFile">
			<destination>{0a8a275e-55d4-4136-b2ca-231e2aa5c02d}</destination>
		</relationship>
	</object>
	<object class="EventMixerGroup" id="{86484ebb-89c0-4eb1-b8da-f51a1ab1a425}">
		<property name="name">
			<value>Audio 2</value>
		</property>
		<relationship name="effectChain">
			<destination>{8039cf37-9e97-4ffc-8a02-feb44a079006}</destination>
		</relationship>
		<relationship name="panner">
			<destination>{961aca1c-4192-4293-8566-85a8bc62edbe}</destination>
		</relationship>
		<relationship name="output">
			<destination>{832b69e8-7ade-46d5-a7a8-1575fc564bf0}</destination>
		</relationship>
	</object>
	<object class="MixerBusEffectChain" id="{b86ee147-07e5-4eb1-9fa0-6ee341a9e2ae}">
		<relationship name="effects">
			<destination>{7a2fe571-bd1f-429c-83b2-9b64e08bf103}</destination>
		</relationship>
	</object>
	<object class="MixerBusPanner" id="{cf1e23e5-098a-45be-96e8-81285e4deb23}" />
	<object class="MixerBusFader" id="{0f6673ed-6fd6-4666-ab46-ca10dc5cfca4}" />
	<object class="MixerBusEffectChain" id="{b8ff987d-ecdb-4130-842b-398fc668cbb8}">
		<relationship name="effects">
			<destination>{41d5e264-659f-4d8a-8eb1-c9ed8e6e7f78}</destination>
		</relationship>
	</object>
	<object class="MixerBusPanner" id="{c748876b-4322-4332-b1ab-6b4e1ecee761}" />
	<object class="MixerBusEffectChain" id="{8039cf37-9e97-4ffc-8a02-feb44a079006}">
		<relationship name="effects">
			<destination>{376b0785-2af3-45f8-9b5d-486327d66bfa}</destination>
		</relationship>
	</object>
	<object class="MixerBusPanner" id="{961aca1c-4192-4293-8566-85a8bc62edbe}" />
	<object class="MixerBusFader" id="{7a2fe571-bd1f-429c-83b2-9b64e08bf103}" />
	<object class="MixerBusFader" id="{41d5e264-659f-4d8a-8eb1-c9ed8e6e7f78}" />
	<object class="MixerBusFader" id="{376b0785-2af3-45f8-9b5d-486327d66bfa}" />
</objects>
