<?xml version="1.0" encoding="UTF-8"?>
<objects serializationModel="Studio.02.02.00">
	<object class="Event" id="{91290a3f-024f-4a67-bdbd-5656530b352f}">
		<property name="name">
			<value>Soft</value>
		</property>
		<property name="outputFormat">
			<value>1</value>
		</property>
		<relationship name="folder">
			<destination>{89e26e0b-1db6-4bc3-b6d5-6959a1cbc1cb}</destination>
		</relationship>
		<relationship name="mixer">
			<destination>{064e981c-56ff-41e6-8f52-5fe103a292f9}</destination>
		</relationship>
		<relationship name="masterTrack">
			<destination>{1635562f-6789-4711-9e22-6776b3120329}</destination>
		</relationship>
		<relationship name="mixerInput">
			<destination>{8c41ca66-afb1-4703-86b3-662558611976}</destination>
		</relationship>
		<relationship name="automatableProperties">
			<destination>{1bcd65fe-bbba-46f7-a86b-4dbb70c609db}</destination>
		</relationship>
		<relationship name="markerTracks">
			<destination>{a0c59ec4-ac84-431b-bd69-8ff5ec4b4781}</destination>
		</relationship>
		<relationship name="groupTracks">
			<destination>{5bd85f4a-1ad3-46de-a1aa-33832f9a6fe2}</destination>
		</relationship>
		<relationship name="timeline">
			<destination>{6831b6ee-2d02-4cc2-a6b2-b75689c864a3}</destination>
		</relationship>
	</object>
	<object class="EventMixer" id="{064e981c-56ff-41e6-8f52-5fe103a292f9}">
		<relationship name="masterBus">
			<destination>{a8fdb01f-e6c1-40de-a392-cdf84fa6ccf4}</destination>
		</relationship>
	</object>
	<object class="MasterTrack" id="{1635562f-6789-4711-9e22-6776b3120329}">
		<relationship name="modules">
			<destination>{6a4b83ec-9ae2-4cb7-9263-190f1104b7a0}</destination>
			<destination>{53e92644-ace0-4d9d-a048-4a8f5faef205}</destination>
		</relationship>
		<relationship name="mixerGroup">
			<destination>{a8fdb01f-e6c1-40de-a392-cdf84fa6ccf4}</destination>
		</relationship>
	</object>
	<object class="MixerInput" id="{8c41ca66-afb1-4703-86b3-662558611976}">
		<relationship name="effectChain">
			<destination>{e1a06cf4-881d-4afa-8685-81b13e9c8c18}</destination>
		</relationship>
		<relationship name="panner">
			<destination>{18383be2-bcca-4543-a1d1-93822080b303}</destination>
		</relationship>
	</object>
	<object class="EventAutomatableProperties" id="{1bcd65fe-bbba-46f7-a86b-4dbb70c609db}" />
	<object class="MarkerTrack" id="{a0c59ec4-ac84-431b-bd69-8ff5ec4b4781}" />
	<object class="GroupTrack" id="{5bd85f4a-1ad3-46de-a1aa-33832f9a6fe2}">
		<relationship name="modules">
			<destination>{f2727530-de16-4a8e-b004-d1002ba81d7a}</destination>
			<destination>{0cd8ba39-f494-4203-97a9-c2e61d67af01}</destination>
			<destination>{8da9ec03-9192-4ed9-8ed3-15669114385c}</destination>
		</relationship>
		<relationship name="mixerGroup">
			<destination>{4dd1ef8d-73dd-4881-a16b-ae1847b96d20}</destination>
		</relationship>
	</object>
	<object class="Timeline" id="{6831b6ee-2d02-4cc2-a6b2-b75689c864a3}">
		<relationship name="modules">
			<destination>{8da9ec03-9192-4ed9-8ed3-15669114385c}</destination>
		</relationship>
		<relationship name="markers">
			<destination>{18de9645-3c3e-45a1-95dd-1fac4fbdc0fb}</destination>
		</relationship>
	</object>
	<object class="EventMixerMaster" id="{a8fdb01f-e6c1-40de-a392-cdf84fa6ccf4}">
		<relationship name="effectChain">
			<destination>{c88758fe-d25a-4ee6-befb-98765fdd8613}</destination>
		</relationship>
		<relationship name="panner">
			<destination>{6e6f8fe9-27a0-44b9-b161-293d40f06e54}</destination>
		</relationship>
		<relationship name="mixer">
			<destination>{064e981c-56ff-41e6-8f52-5fe103a292f9}</destination>
		</relationship>
	</object>
	<object class="TransitionSourceSound" id="{6a4b83ec-9ae2-4cb7-9263-190f1104b7a0}">
		<property name="length">
			<value>0</value>
		</property>
	</object>
	<object class="TransitionDestinationSound" id="{53e92644-ace0-4d9d-a048-4a8f5faef205}">
		<property name="start">
			<value>2</value>
		</property>
		<property name="length">
			<value>0</value>
		</property>
	</object>
	<object class="MixerBusEffectChain" id="{e1a06cf4-881d-4afa-8685-81b13e9c8c18}">
		<relationship name="effects">
			<destination>{a4fb21ed-31e1-4b91-81be-6ba9f2cbf288}</destination>
		</relationship>
	</object>
	<object class="MixerBusPanner" id="{18383be2-bcca-4543-a1d1-93822080b303}" />
	<object class="TransitionSourceSound" id="{f2727530-de16-4a8e-b004-d1002ba81d7a}">
		<property name="length">
			<value>2</value>
		</property>
		<relationship name="fadeOutCurve">
			<destination>{be56ce05-5132-4a55-a899-2796ce756df0}</destination>
		</relationship>
	</object>
	<object class="TransitionDestinationSound" id="{0cd8ba39-f494-4203-97a9-c2e61d67af01}">
		<property name="length">
			<value>2.0000000000000022</value>
		</property>
		<relationship name="fadeInCurve">
			<destination>{db7e2f31-ac60-4ef6-b3f6-ad03aec2eab4}</destination>
		</relationship>
	</object>
	<object class="SingleSound" id="{8da9ec03-9192-4ed9-8ed3-15669114385c}">
		<property name="length">
			<value>11.051708333333334</value>
		</property>
		<property name="timelockedOffset">
			<value>5.5</value>
		</property>
		<relationship name="audioFile">
			<destination>{515ef743-c24c-4d6f-b524-1266f7b43ddd}</destination>
		</relationship>
	</object>
	<object class="EventMixerGroup" id="{4dd1ef8d-73dd-4881-a16b-ae1847b96d20}">
		<property name="name">
			<value>Audio 1</value>
		</property>
		<relationship name="effectChain">
			<destination>{e8cfd8ce-b7de-4410-a1ab-2b46891f22cc}</destination>
		</relationship>
		<relationship name="panner">
			<destination>{9a320d3d-2e5d-415c-847e-508d4eab8e2e}</destination>
		</relationship>
		<relationship name="output">
			<destination>{a8fdb01f-e6c1-40de-a392-cdf84fa6ccf4}</destination>
		</relationship>
	</object>
	<object class="LoopRegion" id="{18de9645-3c3e-45a1-95dd-1fac4fbdc0fb}">
		<property name="position">
			<value>0</value>
		</property>
		<property name="length">
			<value>8.0000000000000018</value>
		</property>
		<relationship name="timeline">
			<destination>{6831b6ee-2d02-4cc2-a6b2-b75689c864a3}</destination>
		</relationship>
		<relationship name="markerTrack">
			<destination>{a0c59ec4-ac84-431b-bd69-8ff5ec4b4781}</destination>
		</relationship>
		<relationship name="transitionTimeline">
			<destination>{923cecc6-e2a5-43f8-a036-d9df5470a49e}</destination>
		</relationship>
	</object>
	<object class="MixerBusEffectChain" id="{c88758fe-d25a-4ee6-befb-98765fdd8613}">
		<relationship name="effects">
			<destination>{b73076c1-97f5-409f-85ef-86fd4c9510a8}</destination>
		</relationship>
	</object>
	<object class="MixerBusPanner" id="{6e6f8fe9-27a0-44b9-b161-293d40f06e54}" />
	<object class="MixerBusFader" id="{a4fb21ed-31e1-4b91-81be-6ba9f2cbf288}" />
	<object class="TransitionSourceFadeOutCurve" id="{be56ce05-5132-4a55-a899-2796ce756df0}">
		<relationship name="startPoint">
			<destination>{23099138-bd73-46fc-ad94-b9276583abc1}</destination>
		</relationship>
		<relationship name="endPoint">
			<destination>{a8fafcc1-7f92-45d4-b28c-f2a1ad87ef55}</destination>
		</relationship>
	</object>
	<object class="TransitionDestinationFadeInCurve" id="{db7e2f31-ac60-4ef6-b3f6-ad03aec2eab4}">
		<relationship name="startPoint">
			<destination>{c89a6d85-a807-4dc5-9c5c-591deb561d67}</destination>
		</relationship>
		<relationship name="endPoint">
			<destination>{23efbae7-8e15-4410-9d7c-99ff4a290340}</destination>
		</relationship>
	</object>
	<object class="MixerBusEffectChain" id="{e8cfd8ce-b7de-4410-a1ab-2b46891f22cc}">
		<relationship name="effects">
			<destination>{407d6b10-b250-4f7e-9733-954abdcd558a}</destination>
		</relationship>
	</object>
	<object class="MixerBusPanner" id="{9a320d3d-2e5d-415c-847e-508d4eab8e2e}" />
	<object class="TransitionTimeline" id="{923cecc6-e2a5-43f8-a036-d9df5470a49e}">
		<property name="length">
			<value>2</value>
		</property>
		<relationship name="modules">
			<destination>{f2727530-de16-4a8e-b004-d1002ba81d7a}</destination>
			<destination>{0cd8ba39-f494-4203-97a9-c2e61d67af01}</destination>
			<destination>{6a4b83ec-9ae2-4cb7-9263-190f1104b7a0}</destination>
			<destination>{53e92644-ace0-4d9d-a048-4a8f5faef205}</destination>
		</relationship>
	</object>
	<object class="MixerBusFader" id="{b73076c1-97f5-409f-85ef-86fd4c9510a8}" />
	<object class="AutomationPoint" id="{23099138-bd73-46fc-ad94-b9276583abc1}">
		<property name="position">
			<value>0</value>
		</property>
		<property name="value">
			<value>1</value>
		</property>
		<property name="curveShape">
			<value>0.302818626</value>
		</property>
	</object>
	<object class="AutomationPoint" id="{a8fafcc1-7f92-45d4-b28c-f2a1ad87ef55}">
		<property name="position">
			<value>2</value>
		</property>
		<property name="value">
			<value>0</value>
		</property>
	</object>
	<object class="AutomationPoint" id="{c89a6d85-a807-4dc5-9c5c-591deb561d67}">
		<property name="position">
			<value>0</value>
		</property>
		<property name="value">
			<value>0</value>
		</property>
		<property name="curveShape">
			<value>-0.2547189</value>
		</property>
	</object>
	<object class="AutomationPoint" id="{23efbae7-8e15-4410-9d7c-99ff4a290340}">
		<property name="position">
			<value>1.125</value>
		</property>
		<property name="value">
			<value>1</value>
		</property>
	</object>
	<object class="MixerBusFader" id="{407d6b10-b250-4f7e-9733-954abdcd558a}" />
</objects>
