<?xml version="1.0" encoding="UTF-8"?>
<objects serializationModel="Studio.02.02.00">
	<object class="Event" id="{b3ca0248-5b5b-4fc0-891e-1d9d54d8b27d}">
		<property name="name">
			<value>TsstMusic3</value>
		</property>
		<property name="outputFormat">
			<value>1</value>
		</property>
		<relationship name="folder">
			<destination>{e931d1fc-5dfe-4831-8e56-cad62ed0b56a}</destination>
		</relationship>
		<relationship name="mixer">
			<destination>{1099d07b-9d61-4fca-a2a0-0454204570c0}</destination>
		</relationship>
		<relationship name="masterTrack">
			<destination>{2fba0323-ea28-48b8-b7a2-8bd9efd5a81e}</destination>
		</relationship>
		<relationship name="mixerInput">
			<destination>{15753d22-0a0c-4fec-ae01-9688d1a173dd}</destination>
		</relationship>
		<relationship name="automatableProperties">
			<destination>{f56c1d52-801a-4a91-a257-c1d7d43b40c9}</destination>
		</relationship>
		<relationship name="markerTracks">
			<destination>{1cd8026f-e146-40a9-83fa-9c050daf524b}</destination>
		</relationship>
		<relationship name="groupTracks">
			<destination>{0a81d170-8768-443a-b069-685000a0e091}</destination>
		</relationship>
		<relationship name="timeline">
			<destination>{f3485bce-6bfa-44c8-a526-72378bfb9d00}</destination>
		</relationship>
	</object>
	<object class="EventMixer" id="{1099d07b-9d61-4fca-a2a0-0454204570c0}">
		<relationship name="masterBus">
			<destination>{bc30c379-4410-4aa1-958f-d3e82af7b32d}</destination>
		</relationship>
	</object>
	<object class="MasterTrack" id="{2fba0323-ea28-48b8-b7a2-8bd9efd5a81e}">
		<relationship name="mixerGroup">
			<destination>{bc30c379-4410-4aa1-958f-d3e82af7b32d}</destination>
		</relationship>
	</object>
	<object class="MixerInput" id="{15753d22-0a0c-4fec-ae01-9688d1a173dd}">
		<relationship name="effectChain">
			<destination>{35f5ffde-991a-4a74-8695-fb1c728c733c}</destination>
		</relationship>
		<relationship name="panner">
			<destination>{d6a3ce4a-b470-4510-b900-5ef280c593d2}</destination>
		</relationship>
		<relationship name="output">
			<destination>{90228eed-8497-4435-8339-c51e01da1390}</destination>
		</relationship>
	</object>
	<object class="EventAutomatableProperties" id="{f56c1d52-801a-4a91-a257-c1d7d43b40c9}" />
	<object class="MarkerTrack" id="{1cd8026f-e146-40a9-83fa-9c050daf524b}" />
	<object class="GroupTrack" id="{0a81d170-8768-443a-b069-685000a0e091}">
		<relationship name="modules">
			<destination>{cb4159c8-b00a-42fa-b1e3-b8d9f6be7d63}</destination>
			<destination>{3647c3ec-e812-44f7-9f3a-02b83ef58f84}</destination>
		</relationship>
		<relationship name="mixerGroup">
			<destination>{343919f6-5fb9-4d5b-a6cd-d9c3c39741df}</destination>
		</relationship>
	</object>
	<object class="Timeline" id="{f3485bce-6bfa-44c8-a526-72378bfb9d00}">
		<relationship name="modules">
			<destination>{cb4159c8-b00a-42fa-b1e3-b8d9f6be7d63}</destination>
			<destination>{3647c3ec-e812-44f7-9f3a-02b83ef58f84}</destination>
		</relationship>
	</object>
	<object class="EventMixerMaster" id="{bc30c379-4410-4aa1-958f-d3e82af7b32d}">
		<relationship name="effectChain">
			<destination>{62e19bc9-f5e7-4d7c-8013-57a62a6edd38}</destination>
		</relationship>
		<relationship name="panner">
			<destination>{b8e2197a-a2f8-4a00-b9e1-83012ecc91d4}</destination>
		</relationship>
		<relationship name="mixer">
			<destination>{1099d07b-9d61-4fca-a2a0-0454204570c0}</destination>
		</relationship>
	</object>
	<object class="MixerBusEffectChain" id="{35f5ffde-991a-4a74-8695-fb1c728c733c}">
		<relationship name="effects">
			<destination>{b2f4f112-6315-47a7-9d13-3d959e6cf6f3}</destination>
		</relationship>
	</object>
	<object class="MixerBusPanner" id="{d6a3ce4a-b470-4510-b900-5ef280c593d2}" />
	<object class="EventSound" id="{cb4159c8-b00a-42fa-b1e3-b8d9f6be7d63}">
		<property name="start">
			<value>16</value>
		</property>
		<property name="length">
			<value>7</value>
		</property>
		<relationship name="event">
			<destination>{89e26e0b-1db6-4bc3-b6d5-6959a1cbc1cb}</destination>
		</relationship>
	</object>
	<object class="SingleSound" id="{3647c3ec-e812-44f7-9f3a-02b83ef58f84}">
		<property name="length">
			<value>16.551708333333334</value>
		</property>
		<relationship name="audioFile">
			<destination>{515ef743-c24c-4d6f-b524-1266f7b43ddd}</destination>
		</relationship>
	</object>
	<object class="EventMixerGroup" id="{343919f6-5fb9-4d5b-a6cd-d9c3c39741df}">
		<property name="name">
			<value>Audio 1</value>
		</property>
		<relationship name="effectChain">
			<destination>{7caebc7a-06ff-47c9-8ff2-a2ffdaf0c1db}</destination>
		</relationship>
		<relationship name="panner">
			<destination>{30f61cdd-18f2-4f79-a6c2-dfc27b0a9dce}</destination>
		</relationship>
		<relationship name="output">
			<destination>{bc30c379-4410-4aa1-958f-d3e82af7b32d}</destination>
		</relationship>
	</object>
	<object class="MixerBusEffectChain" id="{62e19bc9-f5e7-4d7c-8013-57a62a6edd38}">
		<relationship name="effects">
			<destination>{00b603a8-0bfa-466c-b8f3-47757ed08be4}</destination>
		</relationship>
	</object>
	<object class="MixerBusPanner" id="{b8e2197a-a2f8-4a00-b9e1-83012ecc91d4}" />
	<object class="MixerBusFader" id="{b2f4f112-6315-47a7-9d13-3d959e6cf6f3}" />
	<object class="MixerBusEffectChain" id="{7caebc7a-06ff-47c9-8ff2-a2ffdaf0c1db}">
		<relationship name="effects">
			<destination>{fa2c82e6-a6dd-4936-8057-6af0980ad86c}</destination>
		</relationship>
	</object>
	<object class="MixerBusPanner" id="{30f61cdd-18f2-4f79-a6c2-dfc27b0a9dce}" />
	<object class="MixerBusFader" id="{00b603a8-0bfa-466c-b8f3-47757ed08be4}" />
	<object class="MixerBusFader" id="{fa2c82e6-a6dd-4936-8057-6af0980ad86c}" />
</objects>
